-71.166,195.9,-122.8,-54.036,195.16,-123.16,-38.893,104.08,-125.19,-26.378,17.653,-145.89,-26.378,9.8529,-145.89,-88.296,196.64,-122.44,-99.518,105.21,-115.94,-107.9,17.687,-133.96,-107.92,9.8866,-133.96,-70.173,218.73,-122.58,-68.428,251.47,-124.57,-63.673,271.71,-113.98,-36.062,262.69,-113.65,-24.664,203.4,-111.85,-26.938,156.43,-97.721,-28.032,138.68,-92.928,-74.264,271.66,-114.42,-98.363,254.55,-107.74,-108.28,200.04,-107.58,-108.26,154.3,-89.727,-108.94,137.33,-84.26,-68.6,271.66,-123.02,-70.729,297.52,-122.54,-70.862,307.23,-126.12
-71.117,195.9,-122.84,-53.987,195.18,-123.22,-38.843,104.1,-125.17,-26.393,17.651,-145.83,-26.393,9.8513,-145.83,-88.248,196.63,-122.47,-99.524,105.21,-115.87,-107.95,17.693,-133.92,-107.97,9.8934,-133.92,-70.146,218.73,-122.59,-68.353,251.48,-124.5,-63.59,271.71,-113.89,-35.966,262.73,-113.47,-24.688,203.41,-111.75,-26.964,156.42,-97.691,-28.101,138.67,-92.888,-74.18,271.66,-114.35,-98.274,254.51,-107.78,-108.34,200.03,-107.62,-108.46,154.35,-89.614,-109.11,137.37,-84.156,-68.502,271.67,-122.94,-70.79,297.51,-122.52,-70.926,307.22,-126.11
-71.063,195.91,-122.89,-53.932,195.2,-123.28,-38.755,104.12,-125.16,-26.409,17.648,-145.76,-26.409,9.848,-145.76,-88.194,196.61,-122.5,-99.533,105.21,-115.82,-107.99,17.699,-133.87,-108.02,9.8994,-133.87,-70.113,218.74,-122.6,-68.271,251.48,-124.41,-63.496,271.7,-113.79,-35.858,262.77,-113.28,-24.698,203.43,-111.65,-27.013,156.42,-97.659,-28.195,138.68,-92.847,-74.085,271.67,-114.27,-98.176,254.47,-107.81,-108.44,200.03,-107.68,-108.72,154.42,-89.481,-109.35,137.44,-84.029,-68.395,271.67,-122.85,-70.843,297.5,-122.51,-70.985,307.21,-126.1
-71.002,195.91,-122.94,-53.871,195.21,-123.35,-38.632,104.14,-125.07,-26.428,17.649,-145.69,-26.428,9.8493,-145.69,-88.133,196.6,-122.53,-99.544,105.21,-115.75,-108.05,17.71,-133.82,-108.08,9.9098,-133.82,-70.068,218.73,-122.61,-68.174,251.48,-124.32,-63.389,271.69,-113.68,-35.737,262.81,-113.07,-24.671,203.45,-111.55,-27.071,156.43,-97.62,-28.285,138.69,-92.799,-73.977,271.68,-114.17,-98.064,254.42,-107.85,-108.54,200.02,-107.77,-109.02,154.51,-89.334,-109.64,137.52,-83.883,-68.277,271.67,-122.75,-70.893,297.49,-122.51,-71.044,307.2,-126.09
-70.931,195.9,-123,-53.8,195.21,-123.43,-38.457,104.15,-124.81,-26.444,17.677,-145.62,-26.443,9.8771,-145.61,-88.062,196.58,-122.58,-99.562,105.21,-115.65,-108.12,17.728,-133.76,-108.15,9.928,-133.76,-70.005,218.72,-122.62,-68.059,251.48,-124.22,-63.268,271.67,-113.56,-35.598,262.85,-112.86,-24.594,203.48,-111.45,-27.116,156.45,-97.572,-28.352,138.72,-92.734,-73.856,271.67,-114.06,-97.939,254.35,-107.89,-108.62,199.99,-107.9,-109.36,154.6,-89.178,-109.96,137.62,-83.718,-68.147,271.66,-122.63,-70.94,297.46,-122.52,-71.103,307.17,-126.1
-70.849,195.88,-123.07,-53.718,195.2,-123.52,-38.252,104.16,-124.53,-26.444,17.712,-145.55,-26.44,9.9119,-145.53,-87.98,196.56,-122.63,-99.595,105.22,-115.52,-108.21,17.755,-133.69,-108.24,9.9553,-133.7,-69.931,218.71,-122.64,-67.923,251.47,-124.11,-63.13,271.65,-113.43,-35.441,262.9,-112.64,-24.472,203.52,-111.36,-27.161,156.48,-97.518,-28.413,138.75,-92.66,-73.718,271.65,-113.94,-97.802,254.27,-107.93,-108.7,199.96,-108.08,-109.74,154.72,-89.012,-110.35,137.74,-83.531,-68.001,271.65,-122.51,-70.968,297.43,-122.54,-71.146,307.14,-126.12
-70.757,195.87,-123.15,-53.627,195.2,-123.61,-38.025,104.18,-124.24,-26.431,17.749,-145.47,-26.426,9.9489,-145.44,-87.888,196.54,-122.68,-99.643,105.24,-115.36,-108.32,17.793,-133.6,-108.35,9.9932,-133.62,-69.847,218.7,-122.65,-67.766,251.45,-124,-62.972,271.63,-113.3,-35.264,262.94,-112.42,-24.295,203.56,-111.28,-27.197,156.53,-97.453,-28.459,138.81,-92.59,-73.56,271.63,-113.81,-97.651,254.2,-107.99,-108.77,199.93,-108.31,-110.17,154.88,-88.831,-110.77,137.91,-83.331,-67.836,271.64,-122.37,-70.969,297.4,-122.56,-71.166,307.11,-126.14
-70.656,195.86,-123.22,-53.526,195.19,-123.71,-37.786,104.19,-123.94,-26.419,17.787,-145.39,-26.412,9.987,-145.35,-87.786,196.52,-122.74,-99.694,105.26,-115.18,-108.45,17.837,-133.52,-108.47,10.037,-133.54,-69.753,218.68,-122.67,-67.589,251.44,-123.89,-62.797,271.6,-113.16,-35.068,262.99,-112.19,-24.057,203.61,-111.2,-27.216,156.6,-97.376,-28.485,138.88,-92.525,-73.384,271.6,-113.69,-97.49,254.14,-108.05,-108.83,199.91,-108.59,-110.66,155.09,-88.628,-111.22,138.12,-83.122,-67.654,271.62,-122.24,-70.933,297.36,-122.6,-71.157,307.07,-126.17
-70.545,195.84,-123.3,-53.416,195.18,-123.81,-37.542,104.2,-123.64,-26.414,17.823,-145.32,-26.405,10.023,-145.26,-87.675,196.5,-122.79,-99.746,105.27,-114.97,-108.59,17.889,-133.43,-108.6,10.089,-133.46,-69.647,218.66,-122.69,-67.391,251.42,-123.77,-62.605,271.56,-113.02,-34.854,263.04,-111.95,-23.748,203.68,-111.14,-27.207,156.7,-97.287,-28.496,138.96,-92.46,-73.192,271.57,-113.56,-97.319,254.07,-108.12,-108.89,199.9,-108.93,-111.2,155.36,-88.394,-111.71,138.39,-82.891,-67.454,271.6,-122.11,-70.859,297.32,-122.63,-71.125,307.03,-126.2
-70.424,195.81,-123.38,-53.295,195.16,-123.91,-37.298,104.21,-123.33,-26.414,17.854,-145.24,-26.404,10.055,-145.18,-87.554,196.47,-122.85,-99.799,105.3,-114.75,-108.73,17.95,-133.34,-108.74,10.15,-133.38,-69.528,218.64,-122.71,-67.173,251.39,-123.66,-62.395,271.53,-112.89,-34.622,263.09,-111.72,-23.386,203.75,-111.1,-27.166,156.81,-97.195,-28.508,139.07,-92.403,-72.981,271.54,-113.43,-97.137,254.01,-108.2,-108.96,199.9,-109.33,-111.81,155.71,-88.119,-112.24,138.74,-82.604,-67.235,271.57,-121.98,-70.761,297.27,-122.67,-71.079,306.98,-126.24
-70.293,195.79,-123.46,-53.164,195.13,-124.02,-37.059,104.2,-123.02,-26.426,17.88,-145.15,-26.415,10.08,-145.1,-87.421,196.44,-122.9,-99.852,105.32,-114.51,-108.89,18.018,-133.26,-108.9,10.218,-133.3,-69.396,218.61,-122.74,-66.933,251.36,-123.55,-62.168,271.49,-112.76,-34.372,263.14,-111.48,-22.99,203.83,-111.09,-27.093,156.94,-97.111,-28.523,139.19,-92.354,-72.753,271.5,-113.32,-96.949,253.97,-108.3,-109.07,199.93,-109.79,-112.52,156.17,-87.792,-112.86,139.21,-82.229,-66.997,271.54,-121.85,-70.642,297.21,-122.7,-71.017,306.92,-126.27
-70.15,195.76,-123.54,-53.023,195.11,-124.12,-36.837,104.2,-122.52,-26.504,17.938,-145.04,-26.475,10.138,-144.99,-87.278,196.42,-122.96,-99.906,105.35,-114.28,-109.05,18.092,-133.18,-109.07,10.292,-133.23,-69.25,218.58,-122.76,-66.672,251.32,-123.44,-61.923,271.45,-112.64,-34.105,263.2,-111.25,-22.554,203.91,-111.11,-27.002,157.08,-97.036,-28.539,139.34,-92.309,-72.507,271.46,-113.21,-96.757,253.95,-108.4,-109.25,200.01,-110.36,-113.37,156.8,-87.403,-113.62,139.86,-81.775,-66.739,271.5,-121.74,-70.492,297.16,-122.73,-70.93,306.87,-126.3
-69.998,195.74,-123.62,-52.871,195.08,-124.22,-36.635,104.2,-121.95,-26.636,18.011,-144.91,-26.58,10.212,-144.87,-87.125,196.4,-123.01,-99.959,105.38,-114.04,-109.23,18.172,-133.11,-109.25,10.372,-133.16,-69.091,218.55,-122.79,-66.389,251.29,-123.34,-61.658,271.42,-112.53,-33.82,263.26,-111,-22.068,204.01,-111.15,-26.919,157.26,-96.961,-28.543,139.51,-92.262,-72.242,271.43,-113.11,-96.565,253.95,-108.52,-109.53,200.15,-111.08,-114.38,157.64,-87,-114.54,140.74,-81.248,-66.461,271.47,-121.63,-70.289,297.11,-122.75,-70.797,306.81,-126.31
-69.835,195.71,-123.69,-52.709,195.05,-124.31,-36.453,104.18,-121.44,-26.783,18.068,-144.79,-26.707,10.268,-144.76,-86.961,196.37,-123.06,-100.01,105.42,-113.82,-109.41,18.258,-133.04,-109.44,10.458,-133.1,-68.919,218.53,-122.81,-66.081,251.25,-123.23,-61.373,271.39,-112.42,-33.514,263.32,-110.76,-21.523,204.13,-111.22,-26.819,157.47,-96.878,-28.523,139.72,-92.216,-71.956,271.39,-113.03,-96.372,253.99,-108.65,-109.91,200.37,-111.91,-115.54,158.66,-86.636,-115.6,141.85,-80.633,-66.16,271.43,-121.54,-70.015,297.06,-122.78,-70.602,306.76,-126.33
-69.663,195.69,-123.75,-52.538,195.01,-124.4,-36.296,104.17,-121.01,-26.943,18.102,-144.68,-26.859,10.302,-144.66,-86.787,196.36,-123.11,-100.06,105.46,-113.61,-109.61,18.348,-132.98,-109.65,10.548,-133.05,-68.733,218.5,-122.84,-65.711,251.21,-123.14,-61.017,271.35,-112.33,-33.13,263.42,-110.48,-20.857,204.29,-111.3,-26.629,157.74,-96.777,-28.443,140,-92.144,-71.597,271.37,-112.97,-96.097,254.03,-108.82,-110.34,200.64,-112.81,-116.8,159.81,-86.31,-116.82,143.14,-79.936,-65.773,271.39,-121.46,-69.735,297,-122.81,-70.402,306.7,-126.35
-69.481,195.66,-123.81,-52.358,194.98,-124.48,-36.163,104.14,-120.67,-27.112,18.113,-144.59,-27.027,10.314,-144.57,-86.605,196.35,-123.15,-100.1,105.51,-113.43,-109.82,18.442,-132.93,-109.87,10.643,-133.01,-68.532,218.47,-122.87,-65.274,251.16,-123.06,-60.584,271.3,-112.24,-32.662,263.56,-110.15,-20.055,204.5,-111.39,-26.314,158.08,-96.668,-28.307,140.35,-92.048,-71.161,271.34,-112.94,-95.735,254.06,-109.02,-110.83,200.96,-113.75,-118.2,161.13,-86.011,-118.28,144.67,-79.086,-65.293,271.34,-121.4,-69.482,296.91,-122.85,-70.224,306.61,-126.39
-69.293,195.65,-123.87,-52.171,194.94,-124.55,-36.044,104.11,-120.39,-27.275,18.105,-144.51,-27.196,10.306,-144.5,-86.415,196.35,-123.18,-100.14,105.56,-113.29,-110.03,18.539,-132.88,-110.1,10.74,-132.97,-68.317,218.46,-122.89,-64.807,251.12,-122.99,-60.126,271.25,-112.17,-32.173,263.7,-109.83,-19.157,204.74,-111.5,-25.924,158.46,-96.58,-28.148,140.77,-91.941,-70.699,271.33,-112.92,-95.374,254.13,-109.26,-111.41,201.38,-114.75,-119.78,162.67,-85.737,-120.05,146.58,-78.014,-64.786,271.3,-121.35,-69.205,296.82,-122.91,-70.011,306.52,-126.43
-69.096,195.64,-123.91,-51.975,194.91,-124.6,-35.933,104.07,-120.19,-27.429,18.08,-144.45,-27.36,10.28,-144.45,-86.217,196.36,-123.22,-100.17,105.62,-113.18,-110.26,18.636,-132.84,-110.34,10.837,-132.94,-68.09,218.44,-122.92,-64.317,251.07,-122.92,-59.647,271.22,-112.11,-31.665,263.85,-109.52,-18.166,205.02,-111.65,-25.493,158.89,-96.518,-27.954,141.24,-91.818,-70.215,271.31,-112.92,-95.016,254.24,-109.53,-112.06,201.9,-115.82,-121.48,164.47,-85.469,-122.04,148.93,-76.704,-64.254,271.26,-121.32,-68.912,296.73,-122.98,-69.771,306.43,-126.49
-68.89,195.63,-123.95,-51.77,194.88,-124.65,-35.835,104.03,-120.06,-27.588,18.039,-144.4,-27.534,10.239,-144.4,-86.009,196.38,-123.25,-100.18,105.69,-113.11,-110.49,18.732,-132.79,-110.58,10.934,-132.91,-67.852,218.43,-122.94,-63.809,251.03,-122.86,-59.149,271.18,-112.06,-31.14,264.02,-109.22,-17.08,205.34,-111.82,-25.014,159.37,-96.484,-27.723,141.8,-91.674,-69.712,271.31,-112.93,-94.667,254.4,-109.84,-112.77,202.53,-116.93,-123.29,166.58,-85.181,-124.28,151.8,-75.224,-63.702,271.22,-121.29,-68.603,296.64,-123.07,-69.504,306.34,-126.56
-68.674,195.63,-123.98,-51.555,194.86,-124.69,-35.743,104,-119.96,-27.775,17.997,-144.37,-27.738,10.197,-144.38,-85.792,196.4,-123.28,-100.19,105.76,-113.06,-110.73,18.827,-132.74,-110.83,11.029,-132.87,-67.604,218.43,-122.96,-63.287,251,-122.81,-58.634,271.16,-112.02,-30.599,264.2,-108.92,-15.902,205.7,-112.03,-24.484,159.92,-96.479,-27.431,142.43,-91.512,-69.191,271.31,-112.95,-94.327,254.62,-110.19,-113.56,203.27,-118.1,-125.17,169.01,-84.904,-126.7,155.06,-73.863,-63.132,271.19,-121.28,-68.272,296.55,-123.18,-69.205,306.26,-126.66
-68.447,195.64,-124.01,-51.33,194.84,-124.72,-35.66,103.96,-119.89,-27.982,17.951,-144.35,-27.965,10.151,-144.36,-85.564,196.43,-123.31,-100.18,105.82,-113.05,-110.98,18.921,-132.7,-111.08,11.123,-132.84,-67.347,218.44,-122.98,-62.755,250.96,-122.75,-58.104,271.13,-111.98,-30.043,264.41,-108.63,-14.634,206.12,-112.26,-23.897,160.55,-96.511,-27.061,143.14,-91.364,-68.655,271.32,-112.98,-93.997,254.88,-110.57,-114.42,204.13,-119.32,-127.1,171.72,-84.684,-129.25,158.69,-72.674,-62.548,271.16,-121.27,-67.913,296.47,-123.33,-68.874,306.18,-126.77
-68.21,195.65,-124.03,-51.094,194.83,-124.74,-35.6,103.93,-119.83,-28.212,17.905,-144.35,-28.212,10.105,-144.35,-85.326,196.47,-123.33,-100.14,105.89,-113.05,-111.24,19.016,-132.65,-111.34,11.218,-132.81,-67.081,218.45,-123,-62.214,250.93,-122.7,-57.56,271.12,-111.96,-29.47,264.65,-108.35,-13.252,206.62,-112.53,-23.245,161.27,-96.581,-26.623,143.96,-91.251,-68.105,271.33,-113.02,-93.675,255.2,-110.99,-115.33,205.12,-120.6,-129.04,174.75,-84.541,-131.83,162.65,-71.718,-61.952,271.13,-121.27,-67.517,296.38,-123.49,-68.508,306.1,-126.9
-67.959,195.67,-124.05,-50.844,194.83,-124.76,-35.566,103.89,-119.69,-28.497,17.886,-144.34,-28.497,10.086,-144.34,-85.074,196.51,-123.35,-100.08,105.96,-113.1,-111.52,19.109,-132.61,-111.61,11.311,-132.79,-66.8,218.47,-123.01,-61.669,250.91,-122.65,-57.009,271.11,-111.94,-28.887,264.93,-108.08,-11.754,207.21,-112.83,-22.536,162.11,-96.677,-26.145,144.9,-91.178,-67.547,271.35,-113.06,-93.368,255.58,-111.45,-116.26,206.24,-121.97,-130.98,178.15,-84.489,-134.34,166.97,-70.986,-61.351,271.11,-121.28,-67.091,296.3,-123.7,-68.107,306.04,-127.06
-67.691,195.7,-124.07,-50.577,194.83,-124.76,-35.552,103.86,-119.57,-28.788,17.859,-144.34,-28.788,10.059,-144.34,-84.805,196.56,-123.37,-100.01,106.04,-113.21,-111.81,19.198,-132.56,-111.9,11.401,-132.76,-66.497,218.49,-123.03,-61.125,250.9,-122.6,-56.457,271.11,-111.93,-28.304,265.24,-107.82,-10.132,207.89,-113.15,-21.77,163.08,-96.802,-25.644,145.97,-91.166,-66.989,271.38,-113.09,-93.082,256.02,-111.92,-117.21,207.49,-123.41,-132.91,181.92,-84.539,-136.73,171.57,-70.508,-60.755,271.1,-121.28,-66.641,296.23,-123.94,-67.677,305.99,-127.25
-67.406,195.73,-124.09,-50.292,194.84,-124.76,-35.559,103.82,-119.49,-29.082,17.825,-144.34,-29.082,10.025,-144.34,-84.519,196.62,-123.41,-99.935,106.12,-113.39,-112.13,19.285,-132.51,-112.21,11.489,-132.74,-66.174,218.52,-123.04,-60.595,250.89,-122.55,-55.911,271.12,-111.91,-27.732,265.58,-107.55,-8.3939,208.67,-113.52,-20.939,164.18,-96.971,-25.049,147.17,-91.217,-66.438,271.42,-113.12,-92.818,256.53,-112.42,-118.19,208.88,-124.87,-134.82,186.09,-84.685,-139.06,176.61,-70.174,-60.171,271.1,-121.28,-66.177,296.17,-124.2,-67.221,305.95,-127.45
-67.105,195.77,-124.11,-49.992,194.85,-124.76,-35.58,103.78,-119.43,-29.373,17.786,-144.35,-29.373,9.986,-144.35,-84.218,196.69,-123.45,-99.857,106.21,-113.59,-112.47,19.377,-132.45,-112.54,11.581,-132.7,-65.835,218.56,-123.06,-60.091,250.9,-122.48,-55.38,271.15,-111.89,-27.181,265.94,-107.26,-6.5883,209.55,-113.94,-20.057,165.4,-97.196,-24.369,148.48,-91.333,-65.901,271.48,-113.14,-92.593,257.14,-112.94,-119.17,210.41,-126.34,-136.7,190.69,-84.929,-141.39,182.57,-69.743,-59.606,271.11,-121.28,-65.672,296.13,-124.48,-66.718,305.93,-127.66
-66.793,195.81,-124.14,-49.681,194.86,-124.77,-35.605,103.75,-119.4,-29.644,17.744,-144.36,-29.644,9.9436,-144.36,-83.905,196.76,-123.51,-99.783,106.31,-113.81,-112.84,19.471,-132.37,-112.88,11.676,-132.65,-65.487,218.6,-123.07,-59.616,250.91,-122.4,-54.865,271.18,-111.87,-26.652,266.31,-106.96,-4.7385,210.52,-114.41,-19.125,166.73,-97.489,-23.668,149.9,-91.534,-65.381,271.54,-113.15,-92.405,257.84,-113.47,-120.15,212.07,-127.78,-138.53,195.68,-85.302,-143.49,189.25,-69.409,-59.062,271.12,-121.27,-65.109,296.11,-124.8,-66.147,305.93,-127.91
-66.473,195.86,-124.18,-49.362,194.88,-124.78,-35.589,103.72,-119.42,-29.882,17.698,-144.39,-29.882,9.898,-144.39,-83.585,196.84,-123.58,-99.716,106.41,-114.06,-113.23,19.567,-132.27,-113.24,11.773,-132.58,-65.13,218.64,-123.08,-59.175,250.94,-122.33,-54.37,271.22,-111.85,-26.148,266.69,-106.66,-2.8646,211.58,-114.94,-18.09,168.14,-97.859,-22.952,151.42,-91.833,-64.88,271.62,-113.16,-92.237,258.62,-114.03,-121.12,213.85,-129.18,-140.39,201.05,-85.871,-145.19,196.25,-69.362,-58.54,271.15,-121.26,-64.495,296.11,-125.13,-65.516,305.95,-128.17
-66.151,195.9,-124.22,-49.041,194.89,-124.79,-35.524,103.69,-119.49,-30.067,17.653,-144.44,-30.067,9.8526,-144.44,-83.262,196.91,-123.65,-99.645,106.5,-114.32,-113.63,19.664,-132.16,-113.6,11.871,-132.51,-64.773,218.68,-123.09,-58.739,250.96,-122.25,-53.876,271.26,-111.82,-25.651,267.06,-106.37,-0.96716,212.7,-115.52,-16.922,169.57,-98.31,-22.205,153,-92.231,-64.38,271.7,-113.17,-92.06,259.46,-114.63,-122.09,215.71,-130.53,-142.17,206.75,-86.626,-146.48,203.44,-69.624,-58.018,271.17,-121.24,-63.796,296.12,-125.46,-64.787,305.98,-128.44
-65.83,195.95,-124.28,-48.72,194.92,-124.82,-35.463,103.67,-119.58,-30.207,17.603,-144.47,-30.207,9.8034,-144.47,-82.941,196.99,-123.74,-99.52,106.59,-114.7,-113.95,19.726,-132.08,-113.92,11.934,-132.45,-64.415,218.73,-123.1,-58.282,250.99,-122.18,-53.371,271.29,-111.79,-25.147,267.41,-106.11,0.94471,213.87,-116.14,-15.68,171.03,-98.839,-21.418,154.63,-92.72,-63.869,271.77,-113.17,-91.853,260.35,-115.29,-123.04,217.64,-131.8,-143.58,212.69,-87.473,-147.4,210.72,-70.149,-57.479,271.2,-121.23,-63.007,296.14,-125.76,-63.946,306.03,-128.69
-65.513,196,-124.34,-48.404,194.93,-124.84,-35.401,103.65,-119.68,-30.282,17.553,-144.5,-30.282,9.7526,-144.5,-82.623,197.07,-123.83,-99.395,106.67,-115.16,-114.26,19.777,-132,-114.22,11.987,-132.39,-64.055,218.77,-123.11,-57.812,251.01,-122.11,-52.859,271.32,-111.75,-24.637,267.74,-105.87,2.8406,215.08,-116.8,-14.406,172.52,-99.418,-20.601,156.28,-93.293,-63.349,271.84,-113.18,-91.607,261.28,-116.01,-123.95,219.61,-132.95,-144.57,218.76,-88.398,-147.78,217.95,-70.858,-56.929,271.22,-121.21,-62.195,296.17,-126,-63.048,306.07,-128.9
-65.211,196.06,-124.4,-48.104,194.94,-124.87,-35.265,103.63,-119.76,-30.277,17.512,-144.54,-30.27,9.7121,-144.54,-82.318,197.17,-123.94,-99.281,106.78,-115.56,-114.56,19.866,-131.92,-114.53,12.077,-132.32,-63.69,218.82,-123.13,-57.311,251.03,-122.05,-52.318,271.34,-111.72,-24.106,268.05,-105.62,4.7083,216.32,-117.51,-13.085,174.03,-100.03,-19.721,157.96,-93.906,-62.799,271.91,-113.2,-91.285,262.2,-116.73,-124.84,221.66,-134.03,-145.4,225,-89.57,-147.62,225.21,-71.859,-56.345,271.24,-121.2,-61.366,296.2,-126.19,-62.094,306.11,-129.08
-64.925,196.12,-124.48,-47.822,194.93,-124.92,-35.065,103.61,-119.77,-30.217,17.497,-144.57,-30.186,9.6966,-144.58,-82.028,197.31,-124.05,-99.189,106.95,-115.66,-114.87,20.074,-131.81,-114.84,12.287,-132.27,-63.313,218.87,-123.14,-56.774,251.04,-121.97,-51.74,271.36,-111.66,-23.542,268.39,-105.35,6.6171,217.67,-118.25,-11.66,175.62,-100.7,-18.691,159.73,-94.556,-62.21,271.97,-113.2,-90.887,263.17,-117.47,-125.77,223.89,-135.07,-145.93,231.45,-90.945,-147.13,232.61,-73.173,-55.716,271.25,-121.16,-60.512,296.21,-126.38,-61.079,306.14,-129.25
-64.651,196.2,-124.57,-47.553,194.92,-124.97,-34.848,103.6,-119.84,-30.082,17.462,-144.61,-30.028,9.6626,-144.62,-81.749,197.47,-124.18,-99.141,107.22,-115.18,-115.24,20.483,-131.68,-115.2,12.702,-132.23,-62.923,218.94,-123.16,-56.207,251.07,-121.86,-51.136,271.39,-111.57,-22.95,268.76,-105.05,8.6107,219.21,-119.06,-10.107,177.36,-101.47,-17.473,161.64,-95.295,-61.594,272.04,-113.18,-90.42,264.19,-118.22,-126.7,226.32,-136.09,-146.09,238.07,-92.54,-146.37,240.06,-74.802,-55.057,271.27,-121.09,-59.659,296.2,-126.62,-60.025,306.16,-129.44
-64.388,196.28,-124.67,-47.297,194.91,-125.03,-34.655,103.57,-119.96,-29.882,17.418,-144.64,-29.809,9.6182,-144.65,-81.48,197.65,-124.3,-99.13,107.56,-114.29,-115.65,21.036,-131.51,-115.6,13.264,-132.16,-62.539,219.01,-123.19,-55.626,251.09,-121.73,-50.515,271.41,-111.45,-22.337,269.16,-104.76,10.623,220.87,-119.93,-8.4721,179.2,-102.33,-16.138,163.65,-96.107,-60.96,272.11,-113.12,-89.888,265.21,-118.92,-127.61,228.91,-137.04,-145.97,244.73,-94.339,-145.25,247.49,-76.72,-54.38,271.29,-121,-58.77,296.19,-126.84,-58.901,306.15,-129.63
-64.139,196.35,-124.76,-47.053,194.91,-125.1,-34.486,103.56,-120.09,-29.627,17.376,-144.68,-29.538,9.5763,-144.69,-81.225,197.8,-124.43,-99.156,107.9,-113.17,-116.11,21.655,-131.31,-116.05,13.894,-132.08,-62.19,219.07,-123.23,-55.053,251.09,-121.56,-49.887,271.4,-111.31,-21.717,269.53,-104.47,12.562,222.59,-120.88,-6.8421,181.07,-103.26,-14.798,165.68,-96.986,-60.318,272.16,-113.04,-89.314,266.25,-119.55,-128.53,231.69,-137.91,-145.56,251.43,-96.301,-143.84,254.92,-78.88,-53.699,271.28,-120.88,-57.784,296.19,-126.92,-57.658,306.16,-129.7
-63.906,196.41,-124.87,-46.825,194.9,-125.18,-34.292,103.54,-120.18,-29.285,17.351,-144.69,-29.203,9.5513,-144.71,-80.987,197.92,-124.56,-99.208,108.28,-111.82,-116.6,22.367,-131.08,-116.54,14.621,-131.99,-61.873,219.11,-123.28,-54.496,251.07,-121.38,-49.258,271.38,-111.16,-21.099,269.86,-104.18,14.357,224.31,-121.95,-5.279,182.93,-104.24,-13.558,167.74,-97.901,-59.675,272.19,-112.94,-88.694,267.33,-120.17,-129.43,234.65,-138.66,-144.85,258.13,-98.385,-141.96,262.15,-81.236,-53.022,271.25,-120.74,-56.685,296.2,-126.88,-56.287,306.16,-129.68
-63.69,196.45,-124.99,-46.615,194.89,-125.28,-34.097,103.53,-120.18,-28.86,17.344,-144.67,-28.812,9.5445,-144.7,-80.766,198.02,-124.69,-99.241,108.69,-110.3,-117.06,23.147,-130.78,-117,15.42,-131.84,-61.578,219.14,-123.32,-53.971,251.03,-121.18,-48.642,271.33,-110.98,-20.495,270.15,-103.89,15.936,225.98,-123.13,-3.8386,184.76,-105.22,-12.494,169.82,-98.789,-59.047,272.21,-112.8,-88.03,268.43,-120.79,-130.31,237.76,-139.25,-143.82,264.84,-100.59,-139.55,269.04,-83.78,-52.368,271.21,-120.58,-55.474,296.22,-126.75,-54.788,306.15,-129.59
-63.484,196.49,-125.11,-46.413,194.87,-125.39,-33.972,103.51,-120.17,-28.433,17.333,-144.63,-28.419,9.5336,-144.67,-80.555,198.11,-124.84,-99.22,109.12,-108.67,-117.52,23.996,-130.44,-117.45,16.293,-131.67,-61.304,219.17,-123.36,-53.494,250.98,-120.97,-48.056,271.26,-110.79,-19.92,270.39,-103.62,17.263,227.58,-124.41,-2.5945,186.54,-106.18,-11.598,171.87,-99.608,-58.449,272.21,-112.65,-87.331,269.56,-121.42,-131.13,241.03,-139.77,-142.41,271.52,-102.98,-136.84,275.5,-86.493,-51.754,271.15,-120.4,-54.154,296.25,-126.53,-53.17,306.14,-129.43
-63.279,196.51,-125.24,-46.211,194.86,-125.51,-33.831,103.49,-120.21,-28.066,17.311,-144.59,-28.069,9.5111,-144.64,-80.347,198.16,-124.98,-99.106,109.55,-106.95,-118,24.953,-130.2,-117.95,17.28,-131.61,-61.055,219.18,-123.41,-53.056,250.93,-120.79,-47.489,271.18,-110.61,-19.355,270.61,-103.4,18.38,229.12,-125.82,-1.5056,188.29,-107.15,-10.799,173.89,-100.39,-57.871,272.2,-112.5,-86.579,270.73,-122.07,-131.81,244.42,-140.25,-140.51,277.98,-105.49,-133.9,281.56,-89.301,-51.168,271.08,-120.23,-52.798,296.26,-126.29,-51.499,306.09,-129.27
-63.069,196.51,-125.36,-46.002,194.85,-125.62,-33.66,103.48,-120.25,-27.695,17.304,-144.59,-27.698,9.5043,-144.64,-80.136,198.17,-125.1,-98.811,109.94,-105.25,-118.42,25.99,-130.22,-118.38,18.356,-131.82,-60.833,219.17,-123.46,-52.652,250.86,-120.66,-46.932,271.05,-110.45,-18.794,270.8,-103.24,19.3,230.63,-127.38,-0.52611,190.04,-108.13,-10.075,175.88,-101.21,-57.302,272.16,-112.35,-85.766,271.94,-122.73,-132.35,247.88,-140.62,-137.97,284.11,-107.95,-130.56,287.34,-92.035,-50.596,271,-120.08,-51.403,296.23,-126.09,-49.758,305.98,-129.15
-62.854,196.49,-125.47,-45.785,194.85,-125.73,-33.452,103.49,-120.2,-27.267,17.34,-144.6,-27.268,9.5406,-144.65,-79.923,198.13,-125.21,-98.302,110.26,-103.57,-118.7,27.114,-130.52,-118.69,19.525,-132.33,-60.642,219.15,-123.53,-52.286,250.78,-120.56,-46.392,270.9,-110.31,-18.25,270.97,-103.11,19.96,232.06,-129.07,0.28835,191.74,-109.12,-9.476,177.83,-102,-56.75,272.11,-112.22,-84.907,273.17,-123.36,-132.72,251.35,-140.9,-135.05,289.78,-110.43,-126.99,292.73,-94.774,-50.049,270.9,-119.94,-49.958,296.16,-125.88,-47.929,305.8,-129.03
-62.641,196.44,-125.59,-45.567,194.84,-125.85,-33.256,103.5,-120.05,-26.88,17.405,-144.59,-26.88,9.6055,-144.64,-79.715,198.03,-125.32,-97.676,110.56,-101.74,-118.91,28.411,-130.98,-118.93,20.881,-133.02,-60.497,219.1,-123.64,-51.964,250.67,-120.49,-45.863,270.71,-110.21,-17.725,271.12,-103,20.376,233.4,-130.83,0.99956,193.34,-110.08,-8.9437,179.71,-102.69,-56.208,272.02,-112.11,-84.015,274.39,-123.91,-132.96,254.91,-141.05,-131.95,295.18,-112.97,-123.38,297.84,-97.535,-49.523,270.76,-119.84,-48.538,296.04,-125.62,-46.079,305.56,-128.85
-62.446,196.34,-125.68,-45.366,194.82,-125.97,-33.119,103.5,-119.82,-26.638,17.469,-144.56,-26.638,9.6689,-144.61,-79.526,197.86,-125.4,-97.023,110.9,-99.696,-119.08,29.97,-131.6,-119.15,22.522,-133.92,-60.396,219.02,-123.76,-51.685,250.52,-120.47,-45.335,270.48,-110.18,-17.215,271.06,-102.91,20.656,234.61,-132.67,1.805,194.73,-111.1,-8.3449,181.45,-103.35,-55.668,271.92,-112.05,-83.099,275.62,-124.38,-133.19,258.69,-140.93,-128.46,300.42,-115.49,-119.62,302.86,-100.17,-49.014,270.58,-119.8,-47.302,295.92,-125.16,-44.341,305.26,-128.49
-62.287,196.25,-125.78,-45.202,194.79,-126.11,-33.02,103.48,-119.63,-26.525,17.492,-144.51,-26.524,9.6924,-144.54,-79.371,197.71,-125.44,-96.291,111.35,-97.43,-119.29,31.962,-132.41,-119.41,24.64,-135.09,-60.311,218.94,-123.91,-51.474,250.4,-120.52,-44.82,270.25,-110.22,-16.723,270.84,-102.87,20.769,235.7,-134.61,2.631,196.02,-112.07,-7.6445,183.04,-103.99,-55.141,271.83,-112.05,-82.174,276.84,-124.78,-133.37,262.65,-140.49,-124.61,305.41,-118.01,-115.76,307.66,-102.67,-48.536,270.42,-119.82,-46.286,295.86,-124.44,-42.768,304.95,-127.91
-62.175,196.18,-125.89,-45.09,194.75,-126.33,-32.895,103.46,-119.48,-26.438,17.488,-144.42,-26.438,9.6878,-144.44,-79.259,197.6,-125.46,-95.343,111.88,-95.116,-119.49,34.345,-133.33,-119.69,27.21,-136.48,-60.23,218.87,-124.06,-51.396,250.32,-120.62,-44.355,270.03,-110.31,-16.271,270.65,-102.9,20.557,236.68,-136.64,3.2835,197.29,-112.96,-7.0223,184.53,-104.57,-54.663,271.78,-112.06,-81.275,278.05,-125.11,-133.52,266.71,-139.63,-120.48,309.99,-120.48,-111.73,312.06,-105.05,-48.138,270.29,-119.88,-45.376,295.82,-123.63,-41.303,304.63,-127.23
-62.11,196.06,-126.03,-45.026,194.67,-126.6,-32.751,103.44,-119.23,-26.369,17.503,-144.31,-26.369,9.7031,-144.31,-79.194,197.45,-125.45,-94.143,112.33,-92.899,-119.57,36.901,-134.36,-119.84,30.015,-138.01,-60.205,218.76,-124.24,-51.468,250.24,-120.75,-43.94,269.76,-110.42,-15.848,270.37,-103.05,19.993,237.33,-138.72,3.6374,198.37,-113.72,-6.6254,185.8,-104.99,-54.231,271.71,-112.05,-80.406,279.18,-125.36,-133.62,270.89,-138.34,-116.14,314.07,-122.84,-107.32,315.94,-107.44,-47.82,270.14,-119.95,-44.447,295.7,-122.93,-39.859,304.2,-126.65
-62.09,195.88,-126.16,-45.007,194.56,-126.91,-32.606,103.44,-118.46,-26.31,17.676,-144.14,-26.31,9.8761,-144.14,-79.173,197.19,-125.42,-92.798,112.64,-90.873,-119.43,39.519,-135.59,-119.79,32.943,-139.77,-60.265,218.59,-124.41,-51.62,250.08,-120.88,-43.529,269.39,-110.57,-15.4,269.88,-103.33,19.096,237.51,-140.89,3.6284,199.19,-114.38,-6.4687,186.82,-105.19,-53.795,271.57,-112.05,-79.525,280.26,-125.49,-133.55,275.18,-136.64,-111.65,317.54,-124.96,-102.47,319.22,-109.74,-47.526,269.9,-120.05,-43.426,295.42,-122.3,-38.371,303.61,-126.12
-62.098,195.66,-126.31,-45.018,194.43,-127.26,-32.466,103.46,-117.56,-26.265,17.898,-143.95,-26.265,10.098,-143.95,-79.178,196.88,-125.36,-91.389,112.79,-89.2,-119.1,42.047,-136.98,-119.54,35.84,-141.69,-60.375,218.38,-124.61,-51.803,249.88,-121.01,-43.104,268.95,-110.75,-14.91,269.24,-103.76,17.856,237.13,-143.05,3.2334,199.76,-114.75,-6.5465,187.56,-105,-53.337,271.38,-112.07,-78.61,281.36,-125.48,-133.25,279.52,-134.41,-107.15,320.37,-126.62,-97.266,321.84,-111.83,-47.231,269.59,-120.16,-42.259,295.03,-121.49,-36.816,302.9,-125.44
-62.135,195.42,-126.47,-45.063,194.3,-127.66,-32.3,103.49,-116.68,-26.224,18.137,-143.74,-26.224,10.337,-143.74,-79.207,196.54,-125.28,-90.097,113.06,-87.316,-119.22,44.817,-137.81,-119.49,39.086,-143.1,-60.527,218.15,-124.84,-51.926,249.64,-121.13,-42.612,268.46,-110.96,-14.333,268.5,-104.32,16.397,236.21,-145.07,2.7052,200.05,-114.82,-6.6856,188.08,-104.42,-52.806,271.14,-112.1,-77.61,282.49,-125.29,-132.63,283.89,-131.6,-102.76,322.66,-127.74,-91.867,323.55,-113.63,-46.877,269.23,-120.3,-40.756,294.45,-120.49,-35.021,302.02,-124.6
-62.213,195.16,-126.63,-45.157,194.14,-128.1,-32.045,103.55,-115.81,-26.162,18.391,-143.52,-26.162,10.591,-143.52,-79.269,196.19,-125.16,-88.606,113.31,-85.504,-119.17,47.847,-138.75,-119.33,42.617,-144.54,-60.713,217.91,-125.1,-51.977,249.35,-121.27,-42.052,267.93,-111.23,-13.672,267.68,-105.03,14.833,234.9,-147,2.2425,200.07,-114.76,-6.7242,188.41,-103.67,-52.199,270.84,-112.19,-76.537,283.6,-124.95,-131.63,288.39,-128.26,-98.386,324.52,-128.29,-86.402,324.56,-115.06,-46.462,268.82,-120.49,-39.064,293.68,-119.64,-33.141,301.02,-123.89
-62.316,194.91,-126.78,-45.286,193.95,-128.57,-31.626,103.66,-114.82,-25.976,18.731,-143.28,-26.02,10.932,-143.29,-79.347,195.86,-125,-86.71,113.43,-84.023,-118.42,51.5,-140.72,-118.77,46.633,-146.8,-60.896,217.67,-125.41,-51.995,249.05,-121.46,-41.468,267.38,-111.58,-12.972,266.8,-105.96,13.181,233.12,-148.74,1.8577,199.8,-114.5,-6.6643,188.49,-102.71,-51.564,270.52,-112.33,-75.525,284.58,-124.42,-130.29,292.98,-124.48,-94.088,325.93,-128.25,-81.086,325.18,-116.05,-46.032,268.39,-120.75,-37.3,292.76,-119,-31.275,299.95,-123.38
-62.415,194.67,-126.94,-45.421,193.74,-129.06,-31.188,103.77,-113.89,-25.785,19.054,-143.03,-25.872,11.254,-143.03,-79.409,195.6,-124.83,-84.849,113.51,-82.869,-117.66,55.317,-142.8,-118.19,50.791,-149.13,-61.025,217.45,-125.75,-51.983,248.77,-121.68,-40.883,266.85,-111.98,-12.252,265.91,-107.16,11.512,230.94,-150.3,1.6119,199.28,-114.1,-6.447,188.44,-101.57,-50.925,270.2,-112.52,-74.637,285.39,-123.71,-128.59,297.5,-120.26,-90.015,326.98,-127.55,-76.185,325.02,-116.44,-45.611,267.98,-121.06,-35.648,291.81,-118.56,-29.571,298.87,-123.06
-62.504,194.42,-127.12,-45.555,193.5,-129.57,-30.814,103.86,-112.97,-25.616,19.36,-142.77,-25.733,11.56,-142.78,-79.452,195.34,-124.66,-83.063,113.5,-82.04,-116.99,59.144,-144.88,-117.61,54.938,-151.42,-61.114,217.21,-126.1,-51.94,248.48,-121.95,-40.294,266.32,-112.46,-11.525,264.92,-108.68,9.8312,228.43,-151.82,1.4739,198.55,-113.76,-6.0897,188.4,-100.38,-50.281,269.86,-112.77,-73.8,286.07,-122.89,-126.45,301.7,-115.64,-86.161,327.69,-126.23,-71.825,324.03,-116.25,-45.195,267.56,-121.43,-34.154,290.85,-118.36,-28.047,297.81,-122.98
-62.593,194.12,-127.29,-45.702,193.19,-130.11,-30.522,103.92,-111.99,-25.455,19.685,-142.54,-25.585,11.886,-142.54,-79.484,195.04,-124.47,-81.387,113.32,-81.498,-116.48,62.826,-146.87,-117.03,58.918,-153.6,-61.205,216.91,-126.45,-51.884,248.14,-122.29,-39.675,265.73,-113.03,-10.808,263.74,-110.46,8.0903,225.53,-153.25,1.3393,197.55,-113.47,-5.6892,188.29,-99.178,-49.6,269.46,-113.09,-72.943,286.6,-121.98,-123.81,305.44,-110.73,-82.398,327.98,-124.41,-67.946,322.68,-115.37,-44.774,267.09,-121.87,-32.814,289.85,-118.37,-26.692,296.75,-123.08
-62.677,193.77,-127.46,-45.855,192.84,-130.66,-30.337,103.96,-110.95,-25.303,20.033,-142.34,-25.433,12.234,-142.34,-79.498,194.7,-124.25,-79.783,112.92,-81.348,-115.94,66.259,-148.95,-116.5,62.635,-155.84,-61.287,216.57,-126.79,-51.807,247.75,-122.65,-39.015,265.08,-113.68,-10.12,262.37,-112.41,6.2572,222.23,-154.47,1.2156,196.21,-113.14,-5.221,187.96,-97.973,-48.867,268.98,-113.44,-72.085,286.95,-120.93,-120.63,308.5,-105.15,-78.748,327.81,-122.01,-64.53,321.01,-113.63,-44.339,266.57,-122.37,-31.55,288.81,-118.48,-25.432,295.68,-123.23
-62.744,193.39,-127.6,-46.008,192.44,-131.22,-30.249,103.98,-109.88,-25.163,20.4,-142.18,-25.285,12.601,-142.18,-79.48,194.34,-123.98,-78.217,112.33,-81.528,-115.34,69.51,-151.12,-116.01,66.177,-158.14,-61.343,216.19,-127.09,-51.685,247.32,-122.97,-38.322,264.43,-114.42,-9.509,260.72,-114.35,4.2678,218.41,-155.19,1.0766,194.46,-112.44,-4.6881,187.26,-96.492,-48.095,268.49,-113.85,-71.217,287.21,-119.6,-116.87,310.83,-98.95,-75.171,327.39,-118.89,-61.195,319.4,-111.17,-43.907,266.01,-122.92,-30.24,287.65,-118.64,-24.134,294.56,-123.35
-62.789,192.97,-127.73,-46.154,192,-131.8,-30.174,104.01,-108.76,-25.061,20.808,-142.02,-25.174,13.009,-142.03,-79.423,193.93,-123.67,-76.719,111.61,-81.905,-114.78,72.512,-153.16,-115.52,69.491,-160.32,-61.381,215.77,-127.37,-51.553,246.86,-123.35,-37.66,263.73,-115.2,-9.076,258.75,-116.6,2.0696,213.94,-155.54,0.91982,192.13,-111.56,-4.1034,186,-94.929,-47.35,267.93,-114.26,-70.334,287.27,-118.23,-112.67,312.27,-92.701,-71.562,326.8,-115.28,-57.686,317.84,-108.51,-43.518,265.44,-123.49,-28.854,286.43,-119.25,-22.753,293.41,-123.86
-62.81,192.49,-127.88,-46.295,191.53,-132.4,-30.091,104.08,-107.55,-25.05,21.288,-141.84,-25.166,13.489,-141.84,-79.325,193.45,-123.36,-75.325,110.73,-82.49,-114.24,75.043,-155.07,-115.08,72.343,-162.34,-61.418,215.3,-127.64,-51.463,246.36,-123.74,-37.051,263.01,-116.03,-8.9112,256.45,-119.03,-0.40236,209.02,-155.46,0.66844,189.29,-110.51,-3.5809,184.23,-93.308,-46.642,267.32,-114.69,-69.427,287.19,-116.71,-108.07,312.83,-86.404,-67.861,326.19,-111.21,-54.168,316.14,-105.72,-43.2,264.84,-124.08,-27.569,285.14,-119.93,-21.462,292.18,-124.43
-62.82,191.96,-128.06,-46.442,191.02,-133.06,-29.955,104.18,-106.3,-25.066,21.82,-141.62,-25.184,14.021,-141.63,-79.199,192.9,-123.06,-74.067,109.73,-83.266,-113.73,76.901,-156.78,-114.71,74.512,-164.14,-61.459,214.77,-127.89,-51.471,245.84,-124.14,-36.509,262.22,-116.9,-9.0758,253.92,-121.64,-3.0897,203.92,-155,0.20333,186.11,-109.37,-3.2587,181.96,-91.753,-45.973,266.65,-115.12,-68.507,286.9,-115.03,-103.11,312.53,-80.174,-64.097,325.48,-107.02,-50.73,314.38,-102.94,-42.969,264.21,-124.66,-26.486,283.83,-120.58,-20.39,290.93,-125.01
-62.823,191.4,-128.28,-46.599,190.48,-133.76,-29.781,104.33,-105.07,-25.102,22.379,-141.37,-25.219,14.579,-141.37,-79.047,192.32,-122.8,-72.954,108.65,-84.19,-113.33,78.027,-158.27,-114.42,75.896,-165.69,-61.482,214.21,-128.13,-51.566,245.32,-124.53,-36.029,261.37,-117.79,-9.5812,251.34,-124.41,-5.8707,198.9,-154.14,-0.51921,182.63,-108.12,-3.2109,179.14,-90.235,-45.33,265.92,-115.52,-67.541,286.4,-113.17,-97.717,311.28,-73.929,-60.349,324.61,-102.85,-47.386,312.64,-100.19,-42.806,263.57,-125.22,-25.503,282.53,-121.43,-19.464,289.7,-125.81
-62.808,190.84,-128.52,-46.758,189.94,-134.49,-29.61,104.5,-103.92,-25.167,22.933,-141.09,-25.281,15.134,-141.1,-78.858,191.75,-122.54,-71.961,107.55,-85.239,-113.01,78.471,-159.56,-114.2,76.539,-167.03,-61.462,213.65,-128.36,-51.702,244.82,-124.86,-35.589,260.51,-118.63,-10.394,248.84,-127.18,-8.5476,194.15,-152.74,-1.418,179.1,-106.55,-3.3321,176.05,-88.476,-44.692,265.18,-115.85,-66.489,285.69,-111.13,-91.874,309.13,-67.83,-56.574,323.47,-98.801,-43.953,310.92,-97.527,-42.677,262.93,-125.7,-24.625,281.3,-122.5,-18.666,288.56,-126.85
-62.778,190.27,-128.78,-46.92,189.39,-135.25,-29.448,104.7,-102.82,-25.255,23.489,-140.8,-25.363,15.689,-140.8,-78.637,191.16,-122.32,-71.017,106.4,-86.458,-112.76,78.185,-160.73,-114.07,76.407,-168.21,-61.411,213.08,-128.56,-51.876,244.33,-125.14,-35.193,259.62,-119.45,-11.587,246.27,-129.86,-11.169,189.65,-150.89,-2.4411,175.58,-104.67,-3.6011,172.82,-86.489,-44.061,264.39,-116.14,-65.325,284.71,-108.86,-85.661,306.42,-62.119,-52.519,322.07,-94.791,-40.394,308.97,-95.149,-42.577,262.29,-126.11,-23.917,280.16,-123.64,-18.024,287.48,-127.98
-62.758,189.72,-129.08,-47.116,188.85,-136.06,-29.269,104.94,-101.85,-25.341,24.023,-140.47,-25.438,16.223,-140.47,-78.399,190.59,-122.1,-70.03,105.22,-87.908,-112.55,77.047,-161.76,-114.03,75.361,-169.23,-61.348,212.53,-128.78,-52.063,243.86,-125.43,-34.823,258.72,-120.3,-13.169,243.6,-132.39,-13.68,185.48,-148.84,-3.5597,171.7,-102.81,-4.0831,169.31,-84.549,-43.419,263.58,-116.44,-64.02,283.39,-106.39,-79.05,303.07,-56.83,-48.011,320.11,-90.849,-36.481,306.74,-93.514,-42.483,261.67,-126.51,-23.348,279.11,-124.77,-17.499,286.45,-129.13
-62.763,189.17,-129.42,-47.365,188.32,-136.92,-29.081,105.24,-100.99,-25.404,24.543,-140.1,-25.488,16.744,-140.1,-78.161,190.02,-121.92,-69.004,103.98,-89.634,-112.38,74.968,-162.65,-114.07,73.284,-170.08,-61.313,211.97,-129.02,-52.297,243.39,-125.69,-34.503,257.77,-121.12,-15.052,241,-134.7,-15.919,181.82,-146.73,-4.8675,167.44,-101.1,-4.9939,165.51,-82.781,-42.782,262.71,-116.71,-62.57,281.71,-103.85,-72.236,298.32,-51.895,-43.474,317.31,-86.868,-32.792,304.09,-92.315,-42.41,261.02,-126.86,-22.861,278.06,-125.89,-17.051,285.4,-130.3
-62.811,188.53,-129.83,-47.666,187.8,-137.85,-28.949,105.61,-100.1,-25.45,25.137,-139.68,-25.503,17.337,-139.67,-77.957,189.27,-121.82,-68.064,102.55,-91.637,-112.25,71.59,-163.36,-114.21,69.818,-170.7,-61.409,211.33,-129.27,-52.688,242.81,-125.82,-34.338,256.67,-121.87,-17.164,238.54,-136.71,-18.194,178.66,-144.57,-6.6824,163.27,-99.387,-6.6265,161.61,-81.038,-42.247,261.67,-116.89,-60.997,279.65,-101.29,-65.36,292.53,-47.587,-38.768,313.65,-83.048,-29.373,300.9,-91.275,-42.465,260.25,-127.09,-22.452,276.76,-126.81,-16.693,284.09,-131.31
-62.879,187.83,-130.29,-48,187.28,-138.8,-28.865,106.04,-99.257,-25.517,25.761,-139.24,-25.518,17.961,-139.22,-77.759,188.39,-121.78,-67.27,100.95,-93.999,-112.11,66.979,-163.93,-114.53,65.013,-171.08,-61.58,210.63,-129.51,-53.153,242.16,-125.77,-34.29,255.51,-122.52,-19.306,236.31,-138.35,-20.418,176.03,-142.08,-8.6415,159.66,-97.315,-8.5396,157.79,-78.986,-41.787,260.54,-116.97,-59.309,277.28,-98.774,-58.502,285.72,-44.028,-33.81,309.16,-79.41,-26.167,297.09,-90.108,-42.613,259.4,-127.17,-22.043,275.21,-127.49,-16.36,282.54,-132.09
-62.918,187.2,-130.75,-48.331,186.8,-139.76,-28.667,106.54,-98.534,-25.454,26.355,-138.72,-25.454,18.555,-138.72,-77.505,187.6,-121.74,-66.764,99.419,-96.48,-112.2,61.78,-164.11,-115.03,59.494,-171.01,-61.681,209.99,-129.75,-53.506,241.53,-125.57,-34.209,254.41,-123.04,-21.253,234.37,-139.61,-22.24,173.98,-139.3,-10.385,156.71,-94.886,-10.349,154.15,-76.641,-41.271,259.43,-116.93,-57.497,274.69,-96.397,-51.653,278.03,-41.407,-28.383,304.09,-75.909,-22.982,292.84,-88.677,-42.697,258.59,-127.1,-21.615,273.68,-128.15,-16.007,281.03,-132.81
-62.914,186.63,-131.17,-48.663,186.38,-140.71,-28.389,107.05,-97.985,-25.387,26.923,-138.3,-25.387,19.123,-138.3,-77.164,186.89,-121.63,-66.24,97.963,-99.237,-112.54,58.678,-165.33,-115.94,55.741,-171.7,-61.7,209.42,-129.97,-53.684,240.93,-125.27,-34.027,253.37,-123.46,-22.822,232.71,-140.55,-23.614,172.44,-136.75,-12.042,154.18,-92.661,-12.158,150.79,-74.55,-40.645,258.34,-116.84,-55.564,271.99,-94.275,-44.74,269.81,-39.987,-22.591,298.15,-73.412,-19.708,287.99,-87.8,-42.64,257.82,-126.93,-21.182,272.27,-128.96,-15.631,279.65,-133.63
-62.911,186.05,-131.55,-49.021,185.97,-141.61,-28.095,107.59,-97.49,-25.31,27.506,-137.91,-25.31,19.706,-137.91,-76.8,186.12,-121.49,-65.666,96.746,-101.09,-113.98,58.56,-166.37,-117.61,54.876,-172.21,-61.774,208.83,-130.15,-53.794,240.28,-125.01,-33.822,252.29,-123.88,-24.085,231.21,-141.34,-24.75,171.16,-134.95,-13.851,151.83,-91.147,-14.232,147.73,-73.189,-39.992,257.2,-116.79,-53.621,269.19,-92.534,-38.102,261.46,-39.916,-16.7,291.4,-72.423,-16.358,282.34,-87.799,-42.508,257,-126.78,-20.803,270.85,-130.01,-15.305,278.26,-134.69
-62.955,185.47,-131.89,-49.404,185.6,-142.4,-27.763,108.13,-97.036,-25.198,28.081,-137.55,-25.198,20.281,-137.55,-76.507,185.35,-121.38,-65.155,95.601,-102.81,-115.83,58.195,-166.74,-119.57,53.928,-172.1,-61.933,208.25,-130.3,-53.856,239.61,-124.8,-33.595,251.17,-124.26,-25.076,229.87,-142.08,-25.747,170.03,-133.9,-15.768,149.79,-90.291,-16.513,145.18,-72.469,-39.324,256,-116.77,-51.735,266.38,-91.151,-32.358,253.37,-40.91,-10.842,284.21,-72.474,-13.122,276.49,-88.405,-42.3,256.14,-126.63,-20.417,269.43,-130.86,-15.006,276.88,-135.58
-63.07,184.92,-132.24,-49.83,185.24,-143.14,-27.368,108.68,-96.638,-25.02,28.638,-137.17,-25.02,20.838,-137.17,-76.311,184.59,-121.35,-64.348,94.575,-104.54,-117.73,57.808,-166.62,-121.53,53.077,-171.52,-62.164,207.68,-130.46,-53.833,238.91,-124.59,-33.314,250.02,-124.56,-25.805,228.66,-142.76,-26.631,169.02,-133.24,-17.654,148.12,-89.729,-18.779,143.7,-71.878,-38.628,254.75,-116.7,-49.831,263.48,-89.939,-27.537,245.47,-42.53,-5.1305,276.68,-73.106,-9.761,270.71,-89.28,-41.993,255.23,-126.42,-19.994,268.1,-131.32,-14.698,275.57,-136.14
-63.215,184.44,-132.55,-50.295,184.93,-143.82,-26.884,109.22,-96.407,-24.789,29.112,-136.83,-24.789,21.312,-136.83,-76.136,183.96,-121.28,-63.376,93.688,-106.53,-119.41,57.509,-166.58,-123.37,52.417,-170.98,-62.38,207.19,-130.61,-53.659,238.25,-124.39,-32.923,248.94,-124.75,-26.28,227.66,-143.37,-27.332,168.17,-132.95,-19.357,146.95,-89.397,-20.872,143.04,-71.455,-37.863,253.54,-116.58,-47.824,260.45,-88.809,-23.231,237.47,-44.805,0.52227,268.75,-74.273,-5.9128,264.82,-90.455,-41.55,254.38,-126.16,-19.453,266.98,-131.29,-14.28,274.45,-136.24
-63.398,184.01,-132.81,-50.801,184.63,-144.44,-26.329,109.73,-96.269,-24.503,29.548,-136.55,-24.503,21.748,-136.55,-75.996,183.38,-121.19,-62.169,92.953,-108.57,-120.8,57.419,-166.49,-124.97,52.113,-170.4,-62.606,206.75,-130.74,-53.375,237.58,-124.15,-32.442,247.87,-124.8,-26.512,226.88,-143.99,-27.892,167.5,-133.03,-20.791,146.45,-89.236,-22.84,142.74,-71.305,-37.044,252.3,-116.35,-45.756,257.32,-87.764,-19.331,229.53,-47.779,6.1258,260.46,-76.17,-1.562,258.64,-92.176,-40.993,253.52,-125.78,-18.818,265.89,-131.13,-13.759,273.36,-136.2
-63.635,183.55,-133.05,-51.355,184.31,-145,-25.729,110.25,-96.134,-24.149,30.008,-136.3,-24.149,22.208,-136.3,-75.916,182.78,-121.11,-60.835,92.297,-110.47,-121.85,57.737,-166.48,-126.31,52.364,-169.96,-62.878,206.27,-130.82,-53.037,236.83,-123.84,-31.916,246.71,-124.69,-26.609,226.24,-144.61,-28.397,166.91,-133.41,-22.059,146.28,-89.303,-24.287,142.53,-71.401,-36.211,250.95,-115.98,-43.69,254.14,-86.789,-15.767,222.05,-51.297,11.69,252.03,-78.821,3.3785,251.93,-94.617,-40.369,252.56,-125.26,-18.162,264.7,-131,-13.194,272.17,-136.16
-63.936,183.03,-133.28,-51.959,183.95,-145.52,-25.105,110.8,-95.953,-23.728,30.526,-136.06,-23.728,22.726,-136.06,-75.912,182.11,-121.04,-59.62,91.646,-112.1,-122.6,58.305,-166.66,-127.31,52.928,-169.78,-63.195,205.74,-130.85,-52.629,235.95,-123.45,-31.33,245.43,-124.43,-26.731,225.57,-145.13,-28.97,166.26,-133.96,-23.309,145.89,-89.641,-25.546,142.24,-71.72,-35.353,249.46,-115.49,-41.67,250.93,-85.894,-12.548,215.05,-55.329,17.096,243.64,-82.068,8.8801,244.57,-97.887,-39.668,251.46,-124.62,-17.42,263.24,-130.93,-12.52,270.75,-136.09
-64.281,182.46,-133.51,-52.589,183.56,-146.01,-24.482,111.38,-95.727,-23.26,31.094,-135.82,-23.26,23.294,-135.82,-75.973,181.36,-121.01,-58.688,90.964,-113.35,-123.05,58.773,-166.98,-127.87,53.369,-169.88,-63.552,205.14,-130.83,-52.184,234.95,-123.01,-30.711,244.02,-124.07,-26.933,224.85,-145.57,-29.66,165.51,-134.62,-24.48,145.24,-90.201,-26.625,141.75,-72.238,-34.49,247.84,-114.94,-39.755,247.78,-85.097,-9.8285,208.62,-59.798,22.044,235.23,-86.003,14.376,236.77,-102.05,-38.923,250.23,-123.92,-16.602,261.46,-130.92,-11.75,269.08,-135.97
-64.624,181.92,-133.73,-53.2,183.19,-146.45,-23.827,111.95,-95.559,-22.799,31.633,-135.6,-22.799,23.833,-135.6,-76.048,180.65,-121,-57.621,90.414,-114.22,-122.96,59.251,-167.28,-127.77,53.812,-170.13,-63.882,204.57,-130.8,-51.742,233.96,-122.55,-30.094,242.59,-123.67,-27.165,224.21,-145.97,-30.402,164.83,-135.4,-25.491,144.49,-90.981,-27.554,141.09,-72.991,-33.647,246.2,-114.36,-38.028,244.53,-84.424,-7.6306,202.79,-64.369,26.472,226.69,-90.381,20.009,228.76,-106.89,-38.164,248.97,-123.19,-15.749,259.51,-130.92,-10.916,267.29,-135.75
-64.948,181.42,-133.92,-53.77,182.84,-146.85,-23.136,112.5,-95.453,-22.368,32.133,-135.4,-22.368,24.333,-135.4,-76.125,180,-120.99,-56.504,89.973,-114.81,-122.56,59.788,-167.54,-127.33,54.315,-170.38,-64.172,204.04,-130.77,-51.306,233,-122.1,-29.486,241.18,-123.26,-27.409,223.68,-146.35,-31.181,164.24,-136.32,-26.349,143.78,-91.943,-28.371,140.32,-73.96,-32.833,244.58,-113.8,-36.532,241.21,-83.912,-5.9868,197.49,-68.927,30.306,217.9,-94.944,25.561,220.12,-112.01,-37.405,247.72,-122.47,-14.816,257.47,-130.73,-10.003,265.44,-135.23
-65.255,180.98,-134.11,-54.31,182.53,-147.22,-22.377,113.03,-95.465,-21.939,32.57,-135.22,-21.939,24.77,-135.22,-76.199,179.44,-121,-55.486,89.626,-115.22,-122.03,60.242,-167.79,-126.75,54.737,-170.67,-64.415,203.57,-130.74,-50.827,232.07,-121.68,-28.845,239.81,-122.87,-27.592,223.27,-146.72,-31.996,163.76,-137.4,-27.068,143.13,-93.112,-29.096,139.53,-75.155,-32.001,242.99,-113.26,-35.061,238.27,-83.489,-4.8379,192.98,-73.298,33.474,209.13,-99.417,31.028,210.83,-117.02,-36.605,246.49,-121.78,-13.711,255.28,-130.26,-8.8838,263.46,-134.39
-65.553,180.63,-134.28,-54.833,182.28,-147.56,-21.547,113.55,-95.632,-21.491,32.928,-135.07,-21.491,25.128,-135.07,-76.272,178.97,-120.99,-54.658,89.363,-115.42,-121.48,60.606,-167.98,-126.13,55.076,-170.91,-64.6,203.18,-130.71,-50.271,231.19,-121.27,-28.138,238.47,-122.51,-27.648,222.96,-147.06,-32.794,163.38,-138.56,-27.622,142.47,-94.433,-29.697,138.71,-76.516,-31.112,241.44,-112.77,-33.478,235.72,-83.115,-3.8363,189.27,-77.387,36.165,200.59,-103.51,36.98,200.95,-121.34,-35.735,245.29,-121.13,-12.411,253.03,-129.46,-7.5056,261.36,-133.17
-65.835,180.33,-134.43,-55.334,182.06,-147.87,-20.655,114.05,-95.914,-21.045,33.228,-134.95,-21.045,25.428,-134.95,-76.337,178.59,-120.98,-54.044,89.148,-115.39,-121,60.922,-168.07,-125.63,55.379,-171.02,-64.725,202.84,-130.65,-49.638,230.34,-120.9,-27.371,237.19,-122.19,-27.592,222.72,-147.37,-33.525,163.1,-139.76,-27.993,141.78,-95.874,-30.148,137.83,-78.009,-30.173,239.94,-112.34,-31.846,233.22,-82.844,-2.5861,186.2,-81.416,38.786,192.18,-107.17,42.405,189.42,-124.43,-34.807,244.12,-120.53,-10.919,250.79,-128.17,-5.8908,259.22,-131.43
-66.097,180.05,-134.54,-55.807,181.85,-148.14,-19.73,114.53,-96.24,-20.618,33.509,-134.85,-20.618,25.709,-134.85,-76.387,178.24,-120.94,-53.573,88.935,-115.22,-120.61,61.232,-168.08,-125.24,55.685,-171.02,-64.806,202.51,-130.58,-49.006,229.53,-120.61,-26.612,235.95,-121.93,-27.513,222.53,-147.68,-34.22,162.87,-141.03,-28.24,141.07,-97.443,-30.493,136.91,-79.635,-29.255,238.47,-111.98,-30.239,230.77,-82.691,-0.98581,183.8,-85.483,41.237,183.72,-110.54,46.384,177.27,-126.37,-33.88,242.98,-119.99,-9.4743,248.56,-126.83,-4.2616,257.06,-129.6
-66.335,179.77,-134.63,-56.25,181.64,-148.38,-18.834,114.98,-96.558,-20.218,33.789,-134.78,-20.218,25.989,-134.78,-76.42,177.89,-120.89,-53.16,88.713,-115,-120.25,61.543,-168.06,-124.89,55.998,-171,-64.859,202.19,-130.49,-48.421,228.79,-120.42,-25.899,234.73,-121.77,-27.411,222.37,-148.01,-34.858,162.7,-142.36,-28.339,140.37,-99.125,-30.651,136.01,-81.371,-28.39,237,-111.72,-28.748,228.35,-82.684,0.79763,181.97,-89.355,43.03,175.28,-113.49,48.854,165.2,-127.03,-32.985,241.86,-119.55,-8.1989,246.42,-125.74,-2.7335,254.91,-127.99
-66.551,179.47,-134.71,-56.665,181.41,-148.59,-18.026,115.42,-96.809,-19.859,34.083,-134.7,-19.859,26.283,-134.7,-76.436,177.53,-120.83,-52.744,88.476,-114.79,-119.94,61.876,-168.01,-124.58,56.338,-170.95,-64.901,201.85,-130.41,-47.888,228.05,-120.25,-25.248,233.51,-121.7,-27.255,222.2,-148.38,-35.429,162.54,-143.71,-28.251,139.64,-100.87,-30.489,135.09,-83.155,-27.572,235.54,-111.55,-27.43,225.92,-82.822,2.4596,180.34,-92.737,43.701,167.19,-115.91,49.924,154.48,-126.78,-32.138,240.74,-119.18,-7.0795,244.37,-124.86,-1.3108,252.79,-126.55
-66.747,179.17,-134.77,-57.055,181.18,-148.78,-17.348,115.84,-96.981,-19.561,34.386,-134.6,-19.561,26.586,-134.6,-76.439,177.16,-120.77,-52.31,88.23,-114.62,-119.66,62.226,-167.93,-124.31,56.698,-170.87,-64.941,201.51,-130.32,-47.388,227.31,-120.07,-24.65,232.29,-121.69,-27.053,221.98,-148.74,-35.969,162.36,-145,-28.022,138.89,-102.61,-30.056,134.13,-84.93,-26.784,234.08,-111.46,-26.32,223.46,-83.086,3.6661,178.55,-95.477,43.21,159.85,-117.78,49.847,145.44,-125.96,-31.335,239.6,-118.87,-6.0446,242.38,-123.97,0.044651,250.67,-125.09
-66.927,178.88,-134.83,-57.424,180.96,-148.96,-16.786,116.23,-97.129,-19.332,34.67,-134.5,-19.332,26.87,-134.5,-76.429,176.81,-120.71,-51.896,87.995,-114.45,-119.42,62.563,-167.82,-124.09,57.05,-170.76,-64.968,201.18,-130.23,-46.891,226.58,-119.87,-24.078,231.12,-121.72,-26.813,221.73,-149.07,-36.484,162.17,-146.22,-27.692,138.13,-104.33,-29.471,133.14,-86.68,-26.013,232.66,-111.41,-25.431,221.01,-83.444,4.364,176.53,-97.685,41.935,153.64,-119.49,47.905,137.88,-125.37,-30.558,238.48,-118.59,-5.066,240.43,-123.03,1.3318,248.55,-123.61
-67.088,178.63,-134.88,-57.772,180.77,-149.11,-16.317,116.57,-97.261,-19.169,34.929,-134.42,-19.169,27.129,-134.42,-76.404,176.48,-120.64,-51.509,87.774,-114.3,-119.21,62.882,-167.7,-123.91,57.386,-170.63,-64.967,200.88,-130.13,-46.394,225.87,-119.67,-23.525,230,-121.77,-26.54,221.44,-149.36,-36.993,161.98,-147.37,-27.328,137.36,-106.01,-28.773,132.12,-88.4,-25.266,231.3,-111.39,-24.772,218.66,-83.86,4.6874,174.44,-99.522,40.183,148.14,-120.95,45.066,131.66,-125.78,-29.803,237.4,-118.34,-4.1547,238.52,-122.12,2.5188,246.43,-122.22
-67.225,178.38,-134.9,-58.087,180.59,-149.24,-15.932,116.88,-97.362,-19.054,35.17,-134.37,-19.054,27.37,-134.37,-76.364,176.18,-120.56,-51.156,87.562,-114.17,-119.05,63.19,-167.57,-123.77,57.714,-170.49,-64.932,200.59,-130.02,-45.896,225.19,-119.46,-22.985,228.94,-121.8,-26.248,221.09,-149.58,-37.539,161.77,-148.45,-27.007,136.58,-107.65,-28.035,131.06,-90.096,-24.548,230.02,-111.38,-24.378,216.44,-84.292,4.6183,172.31,-101.06,38.162,143.39,-122.26,42.187,126.7,-127.14,-29.069,236.38,-118.1,-3.3261,236.53,-121.37,3.5716,244.24,-121.04
-67.338,178.15,-134.92,-58.363,180.42,-149.35,-15.625,117.14,-97.412,-18.982,35.404,-134.32,-18.982,27.604,-134.32,-76.312,175.88,-120.48,-50.832,87.347,-114.06,-118.94,63.502,-167.43,-123.7,58.048,-170.33,-64.869,200.31,-129.9,-45.404,224.53,-119.25,-22.46,227.91,-121.81,-25.991,220.67,-149.72,-38.181,161.52,-149.46,-26.795,135.76,-109.24,-27.335,129.98,-91.756,-23.871,228.8,-111.34,-24.223,214.36,-84.707,4.1615,170.15,-102.3,36.1,139.59,-123.67,39.238,122.91,-129.2,-28.359,235.38,-117.87,-2.5915,234.45,-120.8,4.504,241.95,-120.12
-67.425,177.92,-134.94,-58.594,180.25,-149.45,-15.367,117.38,-97.415,-18.927,35.636,-134.29,-18.927,27.836,-134.29,-76.256,175.59,-120.42,-50.526,87.131,-113.98,-118.88,63.822,-167.27,-123.68,58.394,-170.15,-64.783,200.02,-129.78,-44.93,223.89,-119.04,-21.952,226.9,-121.76,-25.784,220.18,-149.76,-38.805,161.2,-150.39,-26.747,134.86,-110.75,-26.786,128.88,-93.319,-23.25,227.63,-111.27,-24.22,212.44,-85.067,3.1831,167.85,-103.24,33.966,136.52,-125.18,36.845,120.13,-131.65,-27.677,234.4,-117.64,-1.9498,232.38,-120.36,5.3571,239.65,-119.46
-67.485,177.69,-134.97,-58.769,180.07,-149.55,-15.143,117.59,-97.377,-18.889,35.861,-134.27,-18.889,28.061,-134.27,-76.202,175.32,-120.39,-50.251,86.926,-113.92,-118.87,64.11,-167.08,-123.7,58.705,-169.96,-64.672,199.75,-129.7,-44.476,223.27,-118.84,-21.462,225.91,-121.65,-25.611,219.63,-149.71,-39.515,160.87,-151.21,-26.896,133.94,-112.14,-26.613,127.74,-94.792,-22.692,226.52,-111.14,-24.328,210.7,-85.345,1.8625,165.55,-103.91,31.896,134.07,-126.67,34.956,118.1,-134.03,-27.029,233.45,-117.39,-1.3941,230.43,-120.06,6.1405,237.45,-119.02
-67.524,177.48,-135.01,-58.893,179.89,-149.63,-14.957,117.77,-97.291,-18.892,36.072,-134.23,-18.892,28.272,-134.23,-76.156,175.08,-120.39,-50.006,86.748,-113.86,-118.93,64.357,-166.81,-123.79,58.974,-169.67,-64.538,199.49,-129.63,-44.032,222.69,-118.67,-20.98,224.94,-121.49,-25.438,219.04,-149.59,-40.259,160.54,-151.92,-27.195,133.03,-113.4,-26.786,126.58,-96.151,-22.179,225.47,-110.97,-24.504,209.14,-85.556,0.29092,163.34,-104.45,30.07,132.14,-127.91,33.052,116.48,-135.95,-26.404,232.54,-117.15,-0.8997,228.64,-119.92,6.8647,235.39,-118.79
-67.552,177.29,-135.05,-58.982,179.71,-149.7,-14.803,117.93,-97.166,-18.934,36.267,-134.18,-18.934,28.467,-134.18,-76.123,174.87,-120.39,-49.777,86.602,-113.81,-119.06,64.58,-166.45,-123.96,59.219,-169.28,-64.387,199.25,-129.57,-43.592,222.15,-118.52,-20.504,224.02,-121.32,-25.113,218.52,-149.47,-40.928,160.3,-152.52,-27.526,132.27,-114.5,-27.039,125.64,-97.32,-21.697,224.48,-110.8,-24.715,207.75,-85.715,-1.2951,161.29,-104.76,28.374,130.44,-128.81,31.003,114.93,-137.24,-25.795,231.67,-116.92,-0.45673,226.97,-119.95,7.5212,233.45,-118.76
-67.573,177.11,-135.08,-59.039,179.52,-149.75,-14.669,118.05,-97.015,-18.991,36.447,-134.12,-18.991,28.647,-134.12,-76.107,174.69,-120.4,-49.55,86.488,-113.82,-119.23,64.768,-166.05,-124.18,59.428,-168.84,-64.229,199.02,-129.53,-43.162,221.63,-118.39,-20.041,223.13,-121.14,-24.618,217.97,-149.36,-41.507,160.09,-152.99,-27.87,131.6,-115.4,-27.317,124.95,-98.225,-21.246,223.55,-110.61,-24.938,206.53,-85.818,-2.656,159.58,-105.01,26.694,128.7,-129.42,29.007,113.23,-138.01,-25.211,230.85,-116.7,-0.067357,225.4,-120.1,8.1077,231.63,-118.88
-67.59,176.94,-135.11,-59.068,179.34,-149.8,-14.556,118.16,-96.836,-19.054,36.617,-134.05,-19.054,28.817,-134.05,-76.113,174.53,-120.42,-49.379,86.386,-113.82,-119.41,64.916,-165.67,-124.41,59.588,-168.42,-64.076,198.81,-129.49,-42.753,221.13,-118.26,-19.604,222.27,-120.95,-24.057,217.4,-149.24,-41.967,159.87,-153.36,-28.179,131,-116.11,-27.569,124.5,-98.879,-20.828,222.67,-110.43,-25.152,205.47,-85.861,-3.7275,158.2,-105.23,25.09,126.92,-129.77,27.177,111.43,-138.4,-24.664,230.06,-116.49,0.26681,223.92,-120.26,8.6234,229.9,-119.03
-67.607,176.78,-135.15,-59.071,179.16,-149.83,-14.462,118.26,-96.631,-19.113,36.779,-133.97,-19.113,28.98,-133.97,-76.143,174.39,-120.46,-49.251,86.295,-113.84,-119.59,65.023,-165.37,-124.6,59.696,-168.08,-63.93,198.6,-129.47,-42.363,220.65,-118.16,-19.191,221.47,-120.77,-23.505,216.83,-149.12,-42.298,159.61,-153.66,-28.432,130.49,-116.64,-27.784,124.21,-99.333,-20.446,221.87,-110.25,-25.314,204.6,-85.837,-4.5937,157.08,-105.37,23.584,125.24,-129.93,25.53,109.7,-138.5,-24.154,229.32,-116.32,0.57302,222.52,-120.3,9.0916,228.28,-119.09
-67.622,176.62,-135.19,-59.051,178.97,-149.85,-14.388,118.34,-96.402,-19.162,36.933,-133.89,-19.162,29.133,-133.89,-76.193,174.27,-120.52,-49.17,86.209,-113.89,-119.71,65.087,-165.2,-124.72,59.75,-167.9,-63.784,198.4,-129.45,-41.998,220.22,-118.12,-18.803,220.74,-120.6,-23.048,216.25,-148.99,-42.533,159.3,-153.92,-28.72,130.18,-116.87,-28.015,124.06,-99.507,-20.109,221.16,-110.09,-25.42,203.92,-85.744,-5.2744,156.22,-105.44,22.228,123.75,-129.93,24.092,108.18,-138.45,-23.689,228.65,-116.18,0.86103,221.25,-120.17,9.5198,226.8,-119.01
-67.634,176.47,-135.23,-59.012,178.79,-149.87,-14.336,118.41,-96.147,-19.195,37.084,-133.8,-19.195,29.284,-133.8,-76.256,174.15,-120.59,-49.124,86.124,-113.95,-119.79,65.152,-165.15,-124.77,59.798,-167.86,-63.639,198.21,-129.43,-41.672,219.84,-118.08,-18.458,220.1,-120.42,-22.685,215.65,-148.82,-42.696,158.91,-154.09,-28.991,129.94,-116.89,-28.277,124,-99.465,-19.825,220.55,-109.92,-25.52,203.4,-85.6,-5.8245,155.57,-105.42,21.072,122.53,-129.83,22.855,106.95,-138.36,-23.283,228.07,-116.05,1.1174,220.13,-119.92,9.8936,225.51,-118.83
-67.639,176.32,-135.28,-58.953,178.61,-149.89,-14.307,118.47,-95.866,-19.224,37.233,-133.71,-19.224,29.433,-133.71,-76.325,174.03,-120.67,-49.091,86.046,-113.97,-119.81,65.255,-165.17,-124.77,59.885,-167.89,-63.498,198.02,-129.42,-41.4,219.5,-118.04,-18.17,219.53,-120.23,-22.355,215.04,-148.62,-42.815,158.48,-154.14,-29.23,129.76,-116.71,-28.581,123.99,-99.218,-19.603,220.03,-109.74,-25.649,202.99,-85.422,-6.3157,155.05,-105.35,20.122,121.56,-129.64,21.79,106,-138.23,-22.948,227.56,-115.91,1.3168,219.15,-119.64,10.191,224.38,-118.62
-67.635,176.18,-135.32,-58.873,178.43,-149.89,-14.302,118.51,-95.563,-19.261,37.375,-133.62,-19.261,29.575,-133.62,-76.397,173.93,-120.75,-49.085,85.977,-113.95,-119.79,65.369,-165.24,-124.72,59.983,-167.98,-63.363,197.84,-129.41,-41.195,219.21,-117.97,-17.951,219.03,-120.01,-22.061,214.41,-148.39,-42.909,158.01,-154.07,-29.458,129.63,-116.33,-28.908,123.94,-98.812,-19.448,219.59,-109.53,-25.82,202.67,-85.211,-6.81,154.64,-105.23,19.302,120.77,-129.36,20.856,105.24,-138.02,-22.688,227.12,-115.75,1.4399,218.3,-119.4,10.398,223.39,-118.42
-67.625,176.04,-135.36,-58.775,178.25,-149.89,-14.318,118.53,-95.24,-19.303,37.51,-133.53,-19.303,29.71,-133.53,-76.474,173.84,-120.84,-49.141,85.907,-113.85,-119.75,65.483,-165.35,-124.64,60.079,-168.13,-63.238,197.67,-129.41,-41.044,218.96,-117.88,-17.79,218.6,-119.76,-21.785,213.78,-148.13,-42.942,157.51,-153.91,-29.718,129.48,-115.83,-29.258,123.83,-98.299,-19.349,219.22,-109.29,-26.016,202.43,-84.967,-7.3,154.31,-105.05,18.585,120.15,-129,20.039,104.64,-137.72,-22.494,226.75,-115.57,1.5097,217.59,-119.22,10.537,222.55,-118.24
-67.608,175.92,-135.4,-58.662,178.07,-149.87,-14.354,118.54,-94.906,-19.35,37.637,-133.44,-19.35,29.837,-133.44,-76.554,173.77,-120.93,-49.262,85.838,-113.69,-119.69,65.594,-165.51,-124.54,60.172,-168.32,-63.121,197.51,-129.42,-40.926,218.75,-117.78,-17.663,218.23,-119.5,-21.507,213.18,-147.85,-42.894,156.99,-153.7,-30.017,129.26,-115.28,-29.671,123.68,-97.724,-19.288,218.91,-109.05,-26.203,202.27,-84.686,-7.7442,154.07,-104.82,17.979,119.68,-128.61,19.352,104.18,-137.37,-22.341,226.42,-115.39,1.5613,217.02,-119.08,10.642,221.89,-118.08
-67.583,175.8,-135.43,-58.533,177.9,-149.85,-14.406,118.53,-94.566,-19.401,37.754,-133.37,-19.401,29.954,-133.37,-76.632,173.7,-121.02,-49.416,85.774,-113.5,-119.62,65.7,-165.7,-124.43,60.259,-168.54,-63.011,197.37,-129.42,-40.83,218.56,-117.67,-17.559,217.9,-119.23,-21.23,212.6,-147.56,-42.803,156.49,-153.45,-30.341,128.99,-114.73,-30.16,123.52,-97.134,-19.253,218.64,-108.79,-26.383,202.17,-84.38,-8.15,153.88,-104.5,17.447,119.34,-128.21,18.757,103.84,-136.98,-22.219,226.14,-115.19,1.6011,216.56,-118.95,10.725,221.34,-117.93
-67.552,175.69,-135.46,-58.394,177.73,-149.82,-14.472,118.5,-94.222,-19.455,37.862,-133.31,-19.455,30.062,-133.31,-76.71,173.65,-121.11,-49.584,85.719,-113.32,-119.54,65.803,-165.9,-124.31,60.345,-168.78,-62.907,197.24,-129.43,-40.744,218.39,-117.57,-17.464,217.61,-118.95,-20.957,212.05,-147.25,-42.698,156.01,-153.18,-30.67,128.7,-114.19,-30.683,123.35,-96.556,-19.232,218.41,-108.53,-26.55,202.11,-84.058,-8.5148,153.72,-104.1,16.996,119.12,-127.82,18.258,103.62,-136.6,-22.115,225.89,-114.99,1.6362,216.16,-118.8,10.792,220.87,-117.76
-67.519,175.59,-135.48,-58.249,177.58,-149.77,-14.555,118.46,-93.873,-19.51,37.965,-133.26,-19.51,30.165,-133.26,-76.788,173.6,-121.19,-49.758,85.667,-113.13,-119.45,65.907,-166.12,-124.18,60.434,-169.03,-62.809,197.12,-129.44,-40.66,218.22,-117.47,-17.374,217.35,-118.67,-20.66,211.63,-146.96,-42.544,155.65,-152.93,-30.929,128.52,-113.7,-31.143,123.26,-96.037,-19.219,218.2,-108.27,-26.703,202.08,-83.727,-8.8349,153.57,-103.65,16.653,118.99,-127.43,17.88,103.52,-136.24,-22.023,225.67,-114.78,1.6708,215.81,-118.63,10.846,220.48,-117.57
-67.483,175.49,-135.5,-58.101,177.42,-149.72,-14.655,118.41,-93.521,-19.563,38.063,-133.21,-19.563,30.264,-133.21,-76.865,173.56,-121.27,-49.925,85.619,-112.95,-119.36,66.014,-166.34,-124.05,60.528,-169.29,-62.721,197,-129.43,-40.577,218.06,-117.37,-17.285,217.11,-118.39,-20.36,211.31,-146.69,-42.369,155.39,-152.72,-31.137,128.4,-113.27,-31.54,123.22,-95.594,-19.209,218.01,-108,-26.846,202.06,-83.397,-9.1148,153.46,-103.21,16.428,118.94,-127.01,17.63,103.5,-135.88,-21.939,225.46,-114.57,1.7045,215.49,-118.44,10.892,220.14,-117.38
-67.445,175.4,-135.5,-57.951,177.28,-149.66,-14.769,118.35,-93.171,-19.612,38.154,-133.18,-19.612,30.354,-133.18,-76.939,173.52,-121.34,-50.093,85.577,-112.78,-119.27,66.124,-166.56,-123.94,60.629,-169.53,-62.644,196.9,-129.43,-40.497,217.9,-117.28,-17.2,216.89,-118.11,-20.07,211.04,-146.42,-42.183,155.17,-152.53,-31.319,128.3,-112.89,-31.89,123.16,-95.206,-19.206,217.84,-107.74,-26.98,202.06,-83.07,-9.3596,153.38,-102.79,16.312,118.95,-126.59,17.492,103.55,-135.53,-21.864,225.27,-114.35,1.734,215.2,-118.24,10.931,219.83,-117.18
-67.403,175.32,-135.5,-57.795,177.14,-149.59,-14.898,118.27,-92.83,-19.656,38.231,-133.16,-19.656,30.431,-133.16,-77.01,173.5,-121.41,-50.28,85.546,-112.59,-119.19,66.233,-166.76,-123.84,60.734,-169.75,-62.572,196.82,-129.43,-40.427,217.77,-117.19,-17.127,216.71,-117.82,-19.792,210.85,-146.15,-41.995,155.02,-152.33,-31.482,128.25,-112.53,-32.187,123.11,-94.85,-19.215,217.69,-107.47,-27.113,202.07,-82.737,-9.5674,153.33,-102.38,16.268,119.02,-126.16,17.432,103.66,-135.18,-21.804,225.11,-114.13,1.7634,214.97,-118.03,10.971,219.57,-116.96
-67.354,175.26,-135.5,-57.63,177.02,-149.51,-15.044,118.17,-92.495,-19.698,38.294,-133.15,-19.698,30.494,-133.15,-77.077,173.5,-121.48,-50.486,85.528,-112.37,-119.12,66.343,-166.93,-123.76,60.845,-169.94,-62.498,196.75,-129.42,-40.37,217.66,-117.09,-17.067,216.55,-117.51,-19.545,210.7,-145.86,-41.837,154.92,-152.12,-31.653,128.22,-112.19,-32.448,123.06,-94.52,-19.24,217.57,-107.19,-27.25,202.12,-82.383,-9.7227,153.34,-101.96,16.285,119.15,-125.73,17.436,103.82,-134.8,-21.758,224.97,-113.89,1.7975,214.81,-117.82,11.02,219.39,-116.75
-67.301,175.21,-135.49,-57.459,176.92,-149.43,-15.216,118.06,-92.166,-19.738,38.341,-133.15,-19.738,30.541,-133.15,-77.143,173.51,-121.55,-50.709,85.522,-112.14,-119.07,66.445,-167.08,-123.71,60.952,-170.1,-62.424,196.7,-129.42,-40.324,217.57,-116.97,-17.02,216.41,-117.19,-19.33,210.58,-145.56,-41.707,154.84,-151.91,-31.836,128.19,-111.87,-32.671,123.02,-94.206,-19.282,217.47,-106.89,-27.394,202.19,-82.013,-9.8286,153.42,-101.55,16.344,119.33,-125.3,17.488,104.02,-134.41,-21.725,224.85,-113.64,1.8343,214.72,-117.6,11.074,219.26,-116.53
-67.242,175.18,-135.49,-57.278,176.83,-149.35,-15.428,117.93,-91.831,-19.777,38.377,-133.15,-19.777,30.577,-133.15,-77.206,173.53,-121.63,-50.946,85.525,-111.92,-119.02,66.533,-167.23,-123.66,61.045,-170.26,-62.351,196.66,-129.42,-40.3,217.5,-116.83,-16.997,216.31,-116.86,-19.12,210.46,-145.24,-41.571,154.76,-151.67,-32.001,128.13,-111.54,-32.819,122.94,-93.878,-19.339,217.41,-106.58,-27.568,202.28,-81.652,-9.9069,153.53,-101.17,16.433,119.56,-124.9,17.618,104.25,-134,-21.718,224.77,-113.38,1.857,214.67,-117.31,11.113,219.17,-116.24
-67.177,175.15,-135.49,-57.086,176.75,-149.26,-15.682,117.78,-91.489,-19.819,38.401,-133.16,-19.819,30.601,-133.16,-77.267,173.56,-121.71,-51.198,85.537,-111.69,-118.99,66.602,-167.37,-123.63,61.119,-170.41,-62.279,196.63,-129.42,-40.303,217.46,-116.67,-17.001,216.26,-116.53,-18.91,210.33,-144.9,-41.413,154.66,-151.38,-32.133,128.03,-111.19,-32.895,122.84,-93.523,-19.417,217.39,-106.27,-27.778,202.38,-81.307,-9.9661,153.69,-100.83,16.559,119.83,-124.51,17.867,104.52,-133.6,-21.745,224.73,-113.1,1.8466,214.62,-116.92,11.113,219.1,-115.83
-67.106,175.14,-135.49,-56.886,176.68,-149.18,-15.967,117.63,-91.15,-19.86,38.411,-133.16,-19.86,30.611,-133.16,-77.326,173.61,-121.81,-51.445,85.563,-111.47,-118.96,66.66,-167.49,-123.6,61.183,-170.55,-62.21,196.62,-129.42,-40.329,217.43,-116.49,-17.028,216.25,-116.18,-18.716,210.22,-144.54,-41.247,154.56,-151.07,-32.252,127.92,-110.82,-32.964,122.73,-93.151,-19.517,217.41,-105.94,-28.005,202.49,-80.969,-10.007,153.88,-100.53,16.719,120.14,-124.15,18.215,104.84,-133.22,-21.802,224.73,-112.81,1.8043,214.58,-116.42,11.075,219.05,-115.34
-67.034,175.14,-135.5,-56.683,176.63,-149.1,-16.304,117.46,-90.808,-19.898,38.413,-133.15,-19.898,30.613,-133.15,-77.384,173.66,-121.91,-51.665,85.602,-111.25,-118.92,66.714,-167.6,-123.55,61.246,-170.68,-62.148,196.62,-129.43,-40.379,217.42,-116.29,-17.079,216.27,-115.82,-18.541,210.13,-144.18,-41.09,154.48,-150.74,-32.383,127.82,-110.44,-33.092,122.63,-92.771,-19.64,217.46,-105.6,-28.275,202.59,-80.652,-10.058,154.09,-100.27,16.868,120.46,-123.82,18.609,105.18,-132.89,-21.886,224.75,-112.51,1.7358,214.54,-115.84,11.003,219.02,-114.77
-66.961,175.14,-135.52,-56.482,176.59,-149.02,-16.698,117.29,-90.461,-19.939,38.41,-133.15,-19.939,30.61,-133.15,-77.44,173.7,-122.02,-51.85,85.645,-111.05,-118.86,66.764,-167.69,-123.49,61.305,-170.8,-62.096,196.63,-129.44,-40.452,217.42,-116.09,-17.154,216.3,-115.46,-18.389,210.06,-143.81,-40.955,154.42,-150.4,-32.544,127.74,-110.05,-33.334,122.55,-92.39,-19.782,217.51,-105.26,-28.604,202.66,-80.368,-10.145,154.28,-100.05,16.98,120.77,-123.54,18.972,105.53,-132.62,-21.992,224.78,-112.21,1.6464,214.51,-115.23,10.905,219.01,-114.15
-66.889,175.14,-135.56,-56.284,176.56,-148.96,-17.13,117.13,-90.11,-19.985,38.416,-133.13,-19.985,30.616,-133.13,-77.494,173.71,-122.15,-51.963,85.677,-110.91,-118.81,66.813,-167.75,-123.42,61.364,-170.89,-62.06,196.62,-129.45,-40.552,217.41,-115.88,-17.258,216.32,-115.1,-18.264,210.01,-143.44,-40.841,154.38,-150.06,-32.727,127.69,-109.65,-33.684,122.48,-92.004,-19.949,217.56,-104.93,-28.983,202.7,-80.112,-10.27,154.44,-99.862,17.058,121.06,-123.3,19.27,105.87,-132.42,-22.124,224.81,-111.9,1.5355,214.5,-114.63,10.782,219.03,-113.55
-66.816,175.15,-135.59,-56.09,176.56,-148.9,-17.567,116.97,-89.789,-20.032,38.407,-133.12,-20.032,30.607,-133.12,-77.542,173.74,-122.28,-52.095,85.714,-110.76,-118.76,66.839,-167.81,-123.37,61.397,-170.98,-62.026,196.63,-129.45,-40.665,217.43,-115.66,-17.374,216.35,-114.75,-18.148,209.99,-143.08,-40.73,154.37,-149.73,-32.924,127.69,-109.26,-34.116,122.46,-91.635,-20.126,217.61,-104.59,-29.385,202.74,-79.87,-10.407,154.61,-99.699,17.127,121.37,-123.1,19.518,106.24,-132.26,-22.267,224.85,-111.6,1.4204,214.54,-114.07,10.651,219.1,-112.98
-66.739,175.16,-135.62,-55.898,176.56,-148.84,-17.989,116.81,-89.497,-20.079,38.393,-133.11,-20.079,30.593,-133.11,-77.581,173.76,-122.41,-52.243,85.743,-110.62,-118.74,66.849,-167.85,-123.33,61.413,-171.06,-61.992,196.65,-129.45,-40.784,217.45,-115.44,-17.499,216.4,-114.39,-18.043,210.01,-142.73,-40.614,154.39,-149.41,-33.121,127.71,-108.88,-34.598,122.46,-91.281,-20.31,217.68,-104.25,-29.778,202.79,-79.619,-10.517,154.81,-99.523,17.213,121.72,-122.91,19.774,106.65,-132.13,-22.416,224.9,-111.29,1.3101,214.63,-113.56,10.519,219.23,-112.45
-66.656,175.17,-135.64,-55.706,176.56,-148.77,-18.363,116.65,-89.232,-20.11,38.385,-133.12,-20.11,30.585,-133.12,-77.605,173.78,-122.52,-52.419,85.748,-110.49,-118.76,66.848,-167.91,-123.33,61.416,-171.14,-61.952,196.65,-129.44,-40.901,217.48,-115.22,-17.621,216.45,-114.04,-17.93,210.05,-142.37,-40.466,154.41,-149.11,-33.283,127.75,-108.51,-35.078,122.48,-90.944,-20.492,217.74,-103.92,-30.143,202.86,-79.351,-10.584,155.03,-99.324,17.359,122.12,-122.7,20.074,107.11,-131.98,-22.565,224.95,-110.97,1.214,214.77,-113.07,10.396,219.41,-111.93
-66.577,175.19,-135.67,-55.528,176.58,-148.71,-18.696,116.51,-89.015,-20.151,38.366,-133.13,-20.151,30.566,-133.13,-77.626,173.8,-122.63,-52.597,85.751,-110.39,-118.8,66.816,-167.95,-123.35,61.383,-171.21,-61.917,196.67,-129.43,-41.015,217.51,-115.01,-17.741,216.51,-113.7,-17.821,210.09,-142.03,-40.32,154.45,-148.83,-33.45,127.79,-108.18,-35.576,122.49,-90.663,-20.671,217.8,-103.59,-30.476,202.94,-79.078,-10.646,155.25,-99.129,17.518,122.54,-122.52,20.326,107.59,-131.86,-22.709,225,-110.67,1.1237,214.92,-112.62,10.277,219.61,-111.45
-66.502,175.21,-135.69,-55.362,176.6,-148.65,-19.003,116.38,-88.823,-20.189,38.345,-133.15,-20.189,30.545,-133.15,-77.642,173.81,-122.72,-52.777,85.744,-110.32,-118.87,66.767,-168,-123.41,61.33,-171.27,-61.882,196.69,-129.41,-41.121,217.55,-114.81,-17.854,216.57,-113.36,-17.722,210.13,-141.69,-40.155,154.48,-148.59,-33.609,127.8,-107.9,-36.037,122.46,-90.43,-20.842,217.87,-103.28,-30.762,203.02,-78.794,-10.684,155.48,-98.926,17.716,122.98,-122.34,20.562,108.09,-131.76,-22.848,225.06,-110.37,1.0405,215.09,-112.2,10.164,219.83,-110.99
-66.433,175.23,-135.7,-55.21,176.63,-148.59,-19.29,116.27,-88.637,-20.248,38.347,-133.16,-20.237,30.547,-133.17,-77.655,173.83,-122.81,-52.953,85.729,-110.27,-118.95,66.71,-168.04,-123.47,61.268,-171.33,-61.85,196.7,-129.37,-41.219,217.58,-114.62,-17.959,216.63,-113.04,-17.629,210.18,-141.36,-39.974,154.5,-148.38,-33.769,127.78,-107.65,-36.443,122.39,-90.241,-21.005,217.93,-102.97,-30.995,203.12,-78.498,-10.699,155.7,-98.718,17.95,123.44,-122.15,20.783,108.61,-131.67,-22.983,225.12,-110.07,0.96174,215.26,-111.8,10.055,220.05,-110.57
-66.369,175.25,-135.7,-55.071,176.66,-148.53,-19.564,116.19,-88.435,-20.354,38.395,-133.18,-20.31,30.595,-133.19,-77.666,173.84,-122.88,-53.122,85.708,-110.24,-119.04,66.648,-168.09,-123.54,61.199,-171.39,-61.822,196.72,-129.33,-41.311,217.61,-114.43,-18.058,216.71,-112.73,-17.541,210.23,-141.04,-39.778,154.52,-148.18,-33.917,127.75,-107.44,-36.786,122.28,-90.084,-21.163,218,-102.67,-31.185,203.23,-78.191,-10.701,155.93,-98.509,18.2,123.91,-121.97,21.018,109.15,-131.6,-23.116,225.18,-109.79,0.88137,215.44,-111.41,9.9451,220.28,-110.16
-66.307,175.27,-135.7,-54.94,176.7,-148.46,-19.81,116.12,-88.252,-20.459,38.441,-133.2,-20.381,30.641,-133.21,-77.674,173.84,-122.94,-53.285,85.681,-110.22,-119.15,66.585,-168.12,-123.63,61.128,-171.43,-61.798,196.73,-129.29,-41.402,217.64,-114.25,-18.157,216.8,-112.42,-17.464,210.28,-140.72,-39.579,154.55,-148,-34.041,127.71,-107.26,-37.071,122.15,-89.958,-21.32,218.08,-102.38,-31.346,203.35,-77.877,-10.7,156.17,-98.296,18.451,124.41,-121.79,21.282,109.73,-131.55,-23.252,225.26,-109.51,0.79498,215.63,-111.03,9.8299,220.51,-109.76
-66.245,175.29,-135.7,-54.812,176.73,-148.4,-20.031,116.06,-88.087,-20.562,38.482,-133.22,-20.454,30.683,-133.24,-77.677,173.84,-122.99,-53.439,85.65,-110.22,-119.26,66.522,-168.15,-123.74,61.058,-171.46,-61.777,196.74,-129.23,-41.497,217.68,-114.08,-18.259,216.9,-112.12,-17.404,210.35,-140.41,-39.385,154.59,-147.85,-34.127,127.67,-107.12,-37.295,122.01,-89.872,-21.479,218.17,-102.1,-31.485,203.49,-77.556,-10.696,156.42,-98.078,18.692,124.92,-121.64,21.565,110.33,-131.52,-23.392,225.35,-109.23,0.70528,215.83,-110.68,9.7126,220.76,-109.39
-66.182,175.31,-135.68,-54.686,176.77,-148.32,-20.215,115.99,-87.942,-20.664,38.519,-133.25,-20.527,30.72,-133.28,-77.677,173.84,-123.04,-53.583,85.615,-110.23,-119.39,66.459,-168.18,-123.86,60.988,-171.48,-61.757,196.76,-129.17,-41.593,217.72,-113.91,-18.364,217.01,-111.83,-17.358,210.44,-140.11,-39.189,154.63,-147.7,-34.156,127.63,-107,-37.45,121.88,-89.812,-21.64,218.26,-101.82,-31.607,203.65,-77.226,-10.685,156.68,-97.852,18.914,125.45,-121.5,21.873,110.96,-131.5,-23.535,225.44,-108.96,0.6136,216.04,-110.33,9.5944,221.01,-109.02
-66.118,175.33,-135.66,-54.563,176.81,-148.25,-20.366,115.93,-87.815,-20.764,38.55,-133.29,-20.601,30.752,-133.32,-77.674,173.84,-123.08,-53.716,85.576,-110.27,-119.53,66.396,-168.19,-124,60.919,-171.5,-61.739,196.77,-129.11,-41.692,217.77,-113.74,-18.472,217.12,-111.54,-17.327,210.54,-139.81,-38.991,154.69,-147.56,-34.133,127.59,-106.91,-37.539,121.75,-89.769,-21.802,218.36,-101.55,-31.713,203.82,-76.889,-10.67,156.95,-97.614,19.11,125.98,-121.38,22.2,111.6,-131.49,-23.681,225.54,-108.7,0.5198,216.26,-110,9.4753,221.28,-108.67
-66.056,175.35,-135.64,-54.443,176.86,-148.17,-20.498,115.86,-87.701,-20.863,38.576,-133.32,-20.675,30.778,-133.36,-77.668,173.84,-123.11,-53.837,85.535,-110.32,-119.68,66.332,-168.21,-124.14,60.847,-171.5,-61.724,196.79,-129.04,-41.794,217.83,-113.57,-18.583,217.25,-111.26,-17.32,210.65,-139.52,-38.788,154.75,-147.44,-34.062,127.55,-106.84,-37.557,121.63,-89.742,-21.966,218.47,-101.29,-31.807,204.01,-76.547,-10.659,157.23,-97.364,19.275,126.52,-121.27,22.53,112.25,-131.49,-23.831,225.64,-108.44,0.42335,216.5,-109.67,9.3548,221.56,-108.33
-65.994,175.37,-135.61,-54.326,176.91,-148.08,-20.628,115.8,-87.597,-20.961,38.595,-133.37,-20.751,30.798,-133.41,-77.662,173.84,-123.13,-53.951,85.495,-110.39,-119.84,66.263,-168.22,-124.3,60.771,-171.51,-61.711,196.81,-128.97,-41.9,217.89,-113.4,-18.698,217.38,-110.98,-17.338,210.77,-139.24,-38.578,154.81,-147.34,-33.956,127.51,-106.78,-37.507,121.53,-89.725,-22.131,218.59,-101.03,-31.894,204.23,-76.202,-10.659,157.52,-97.099,19.4,127.06,-121.17,22.844,112.92,-131.51,-23.985,225.76,-108.19,0.32542,216.76,-109.36,9.2332,221.85,-108
-65.933,175.4,-135.58,-54.211,176.96,-148,-20.759,115.73,-87.501,-21.058,38.608,-133.41,-20.827,30.811,-133.46,-77.655,173.84,-123.16,-54.06,85.459,-110.48,-120,66.188,-168.24,-124.46,60.689,-171.51,-61.7,196.84,-128.89,-42.008,217.96,-113.24,-18.817,217.52,-110.71,-17.374,210.89,-138.96,-38.378,154.87,-147.23,-33.817,127.5,-106.72,-37.397,121.41,-89.702,-22.298,218.72,-100.77,-31.975,204.46,-75.855,-10.675,157.81,-96.819,19.495,127.61,-121.08,23.155,113.61,-131.53,-24.141,225.89,-107.94,0.22729,217.03,-109.05,9.1108,222.16,-107.68
-65.873,175.43,-135.54,-54.099,177.02,-147.91,-20.886,115.65,-87.416,-21.156,38.613,-133.46,-20.904,30.817,-133.51,-77.647,173.85,-123.17,-54.163,85.426,-110.58,-120.16,66.107,-168.25,-124.63,60.6,-171.51,-61.69,196.87,-128.81,-42.12,218.04,-113.07,-18.938,217.67,-110.44,-17.43,211.02,-138.68,-38.171,154.93,-147.11,-33.664,127.47,-106.66,-37.243,121.28,-89.675,-22.465,218.87,-100.52,-32.053,204.71,-75.505,-10.712,158.1,-96.518,19.57,128.17,-120.97,23.484,114.32,-131.53,-24.301,226.02,-107.69,0.1293,217.33,-108.75,8.9876,222.5,-107.36
-65.813,175.47,-135.5,-53.987,177.08,-147.81,-21.012,115.57,-87.339,-21.253,38.611,-133.52,-20.982,30.816,-133.57,-77.639,173.86,-123.18,-54.262,85.396,-110.7,-120.33,66.019,-168.27,-124.79,60.503,-171.52,-61.68,196.9,-128.73,-42.235,218.12,-112.89,-19.063,217.83,-110.18,-17.502,211.16,-138.41,-37.966,154.98,-146.99,-33.515,127.42,-106.6,-37.062,121.13,-89.647,-22.634,219.02,-100.27,-32.129,204.98,-75.151,-10.773,158.39,-96.191,19.623,128.74,-120.85,23.835,115.05,-131.49,-24.463,226.16,-107.45,0.029242,217.65,-108.45,8.8618,222.85,-107.03
-65.748,175.52,-135.45,-53.877,177.16,-147.72,-21.141,115.49,-87.274,-21.357,38.601,-133.57,-21.067,30.806,-133.63,-77.618,173.88,-123.18,-54.362,85.364,-110.84,-120.5,65.924,-168.3,-124.97,60.398,-171.53,-61.669,196.95,-128.64,-42.355,218.22,-112.72,-19.191,218,-109.91,-17.586,211.3,-138.14,-37.761,155.05,-146.87,-33.372,127.36,-106.56,-36.856,120.98,-89.629,-22.803,219.19,-100.02,-32.207,205.27,-74.802,-10.862,158.69,-95.855,19.661,129.35,-120.72,24.193,115.82,-131.45,-24.63,226.32,-107.22,-0.075399,217.98,-108.15,8.7313,223.22,-106.71
-65.677,175.57,-135.4,-53.768,177.24,-147.62,-21.272,115.4,-87.223,-21.466,38.582,-133.64,-21.16,30.789,-133.7,-77.585,173.9,-123.17,-54.461,85.328,-110.99,-120.68,65.821,-168.34,-125.14,60.285,-171.55,-61.656,197,-128.56,-42.478,218.32,-112.54,-19.323,218.2,-109.66,-17.678,211.46,-137.87,-37.568,155.12,-146.74,-33.235,127.3,-106.52,-36.639,120.82,-89.611,-22.973,219.39,-99.779,-32.296,205.6,-74.459,-10.984,159,-95.51,19.687,129.99,-120.58,24.538,116.65,-131.41,-24.802,226.5,-106.99,-0.18431,218.34,-107.85,8.5962,223.62,-106.39
-65.604,175.63,-135.34,-53.659,177.32,-147.53,-21.4,115.31,-87.181,-21.577,38.557,-133.71,-21.254,30.764,-133.77,-77.549,173.93,-123.15,-54.558,85.295,-111.16,-120.86,65.711,-168.39,-125.32,60.165,-171.59,-61.642,197.06,-128.47,-42.602,218.44,-112.36,-19.457,218.41,-109.41,-17.774,211.61,-137.6,-37.359,155.19,-146.61,-33.104,127.21,-106.49,-36.431,120.64,-89.6,-23.143,219.6,-99.541,-32.392,205.95,-74.121,-11.127,159.31,-95.152,19.699,130.65,-120.43,24.865,117.52,-131.37,-24.976,226.69,-106.77,-0.29556,218.71,-107.54,8.4583,224.03,-106.07
-65.529,175.69,-135.28,-53.548,177.41,-147.43,-21.525,115.21,-87.148,-21.689,38.524,-133.78,-21.35,30.732,-133.85,-77.51,173.97,-123.13,-54.653,85.268,-111.35,-121.04,65.594,-168.46,-125.49,60.035,-171.64,-61.627,197.12,-128.39,-42.732,218.56,-112.18,-19.596,218.63,-109.16,-17.861,211.77,-137.34,-37.154,155.27,-146.47,-32.981,127.1,-106.46,-36.245,120.44,-89.6,-23.314,219.82,-99.308,-32.503,206.31,-73.794,-11.295,159.63,-94.791,19.685,131.32,-120.27,25.173,118.42,-131.33,-25.155,226.9,-106.56,-0.41179,219.11,-107.23,8.315,224.47,-105.74
-65.452,175.76,-135.21,-53.436,177.51,-147.32,-21.648,115.11,-87.124,-21.804,38.483,-133.86,-21.45,30.691,-133.92,-77.468,174.01,-123.1,-54.758,85.24,-111.57,-121.23,65.455,-168.54,-125.67,59.88,-171.7,-61.61,197.2,-128.3,-42.874,218.7,-112,-19.745,218.88,-108.93,-17.95,211.93,-137.08,-36.951,155.34,-146.32,-32.867,126.99,-106.45,-36.093,120.23,-89.612,-23.491,220.07,-99.086,-32.642,206.69,-73.489,-11.495,159.96,-94.429,19.63,131.99,-120.12,25.464,119.34,-131.27,-25.345,227.12,-106.35,-0.5396,219.52,-106.89,8.1594,224.92,-105.39
-65.37,175.83,-135.14,-53.319,177.61,-147.22,-21.769,115,-87.108,-21.922,38.436,-133.93,-21.554,30.645,-134.01,-77.421,174.06,-123.07,-54.88,85.208,-111.82,-121.45,65.291,-168.63,-125.88,59.696,-171.77,-61.593,197.28,-128.21,-43.028,218.87,-111.83,-19.907,219.14,-108.71,-18.065,212.09,-136.83,-36.76,155.43,-146.18,-32.77,126.88,-106.43,-35.979,120.02,-89.635,-23.681,220.34,-98.875,-32.808,207.08,-73.203,-11.729,160.28,-94.043,19.525,132.67,-119.96,25.748,120.25,-131.17,-25.548,227.37,-106.16,-0.68301,219.96,-106.56,7.9872,225.4,-105.05
-65.284,175.92,-135.07,-53.198,177.72,-147.11,-21.891,114.89,-87.101,-22.044,38.38,-134.02,-21.661,30.59,-134.09,-77.371,174.11,-123.04,-55.014,85.179,-112.09,-121.68,65.12,-168.73,-126.1,59.504,-171.85,-61.572,197.37,-128.13,-43.194,219.07,-111.68,-20.083,219.44,-108.49,-18.213,212.3,-136.59,-36.578,155.54,-146.05,-32.69,126.8,-106.43,-35.892,119.84,-89.673,-23.887,220.64,-98.674,-33.003,207.51,-72.934,-11.992,160.6,-93.599,19.375,133.37,-119.78,26.019,121.2,-131.03,-25.764,227.65,-105.98,-0.84263,220.42,-106.26,7.7967,225.92,-104.74
