-80.549,196.63,-114.79,-63.419,196.02,-114.25,-63.824,104.47,-102.12,-66.606,16.92,-121.66,-66.606,9.1202,-121.66,-97.679,197.25,-115.33,-110.55,106.27,-106.06,-120.29,18.069,-119.51,-119.69,10.293,-119.35,-79.779,219.43,-113.38,-77.919,252.09,-110.36,-71.043,271.08,-98.68,-43.62,261.5,-99.103,-36.007,201.64,-96.49,-38.352,156.78,-76.681,-38.932,139.26,-70.998,-81.599,272.03,-98.825,-107.89,257.94,-93.494,-124.91,205.23,-93.174,-116.53,169.25,-60.825,-114.17,154.76,-50.68,-76.154,272.06,-107.56,-74.178,297.86,-105.61,-74.461,307.89,-108.18
-80.572,196.59,-115.08,-63.444,195.93,-114.5,-63.687,104.48,-101.66,-66.573,16.962,-121.36,-66.573,9.1621,-121.36,-97.699,197.26,-115.66,-110.64,106.35,-105.84,-120.45,18.163,-119.34,-119.83,10.39,-119.18,-79.74,219.38,-113.58,-77.775,252,-110.22,-70.887,270.89,-98.394,-43.48,261.27,-98.811,-35.833,201.4,-96.451,-38.423,156.71,-76.286,-39.072,139.22,-70.516,-81.441,271.87,-98.554,-107.77,257.78,-93.411,-125.19,205.19,-93.296,-116.6,169.87,-60.287,-114.07,155.44,-50.098,-75.977,271.95,-107.28,-73.954,297.71,-104.9,-74.28,307.72,-107.5
-80.601,196.54,-115.38,-63.477,195.83,-114.76,-63.536,104.48,-101.18,-66.535,17.01,-121.05,-66.535,9.2098,-121.05,-97.725,197.26,-115.99,-110.77,106.43,-105.64,-120.64,18.259,-119.2,-119.98,10.489,-119.04,-79.702,219.32,-113.79,-77.629,251.9,-110.11,-70.732,270.68,-98.099,-43.341,261.01,-98.547,-35.623,201.14,-96.439,-38.509,156.65,-75.883,-39.263,139.2,-69.998,-81.284,271.67,-98.276,-107.67,257.61,-93.352,-125.51,205.16,-93.471,-116.72,170.55,-59.77,-113.97,156.27,-49.428,-75.799,271.82,-106.99,-73.715,297.54,-104.21,-74.091,307.54,-106.84
-80.64,196.49,-115.68,-63.52,195.71,-115.02,-63.369,104.48,-100.66,-66.49,17.064,-120.74,-66.49,9.2636,-120.74,-97.759,197.27,-116.34,-110.93,106.51,-105.47,-120.84,18.358,-119.09,-120.16,10.589,-118.92,-79.666,219.26,-114.02,-77.482,251.79,-110.01,-70.581,270.44,-97.798,-43.205,260.73,-98.32,-35.381,200.87,-96.459,-38.608,156.6,-75.468,-39.564,139.21,-69.452,-81.13,271.45,-97.992,-107.59,257.45,-93.321,-125.93,205.17,-93.696,-116.96,171.33,-59.273,-113.96,157.23,-48.739,-75.623,271.68,-106.69,-73.467,297.35,-103.52,-73.9,307.34,-106.18
-80.686,196.43,-115.98,-63.572,195.58,-115.27,-63.188,104.49,-100.12,-66.437,17.124,-120.42,-66.437,9.3244,-120.42,-97.801,197.28,-116.69,-111.18,106.65,-105.01,-121.1,18.552,-118.99,-120.38,10.787,-118.83,-79.632,219.19,-114.26,-77.335,251.67,-109.93,-70.432,270.18,-97.506,-43.07,260.44,-98.098,-35.123,200.58,-96.483,-38.726,156.57,-75.02,-39.967,139.25,-68.846,-80.978,271.22,-97.717,-107.52,257.28,-93.303,-126.38,205.2,-93.952,-117.22,172.18,-58.784,-113.95,158.31,-48.034,-75.447,271.52,-106.4,-73.208,297.13,-102.8,-73.706,307.11,-105.48
-80.739,196.36,-116.29,-63.631,195.44,-115.53,-62.995,104.49,-99.534,-66.38,17.195,-120.1,-66.38,9.3946,-120.1,-97.848,197.28,-117.04,-111.5,106.82,-104.39,-121.42,18.816,-118.93,-120.64,11.056,-118.79,-79.598,219.11,-114.5,-77.186,251.54,-109.86,-70.28,269.91,-97.233,-42.931,260.13,-97.839,-34.864,200.29,-96.477,-38.874,156.56,-74.517,-40.422,139.33,-68.155,-80.823,270.98,-97.465,-107.45,257.13,-93.275,-126.87,205.26,-94.201,-117.52,173.13,-58.27,-113.94,159.55,-47.244,-75.266,271.35,-106.13,-72.974,296.87,-101.99,-73.532,306.85,-104.69
-80.796,196.28,-116.6,-63.694,195.29,-115.78,-62.796,104.49,-98.917,-66.32,17.275,-119.78,-66.32,9.4747,-119.78,-97.898,197.27,-117.41,-111.86,107.01,-103.74,-121.78,19.112,-118.9,-120.93,11.36,-118.78,-79.563,219.02,-114.76,-77.035,251.4,-109.79,-70.125,269.63,-96.981,-42.787,259.82,-97.534,-34.613,199.99,-96.449,-39.063,156.57,-73.964,-40.939,139.46,-67.385,-80.665,270.73,-97.238,-107.38,256.99,-93.251,-127.39,205.35,-94.456,-117.84,174.16,-57.752,-113.96,160.93,-46.414,-75.079,271.17,-105.88,-72.774,296.57,-101.11,-73.387,306.54,-103.81
-80.852,196.19,-116.92,-63.758,195.12,-116.04,-62.596,104.5,-98.258,-66.261,17.367,-119.45,-66.261,9.5666,-119.45,-97.947,197.26,-117.79,-112.27,107.22,-103.05,-122.2,19.444,-118.89,-121.25,11.703,-118.77,-79.525,218.92,-115.02,-76.898,251.24,-109.75,-69.985,269.33,-96.738,-42.655,259.5,-97.21,-34.383,199.67,-96.42,-39.309,156.59,-73.385,-41.535,139.64,-66.526,-80.522,270.46,-97.021,-107.33,256.85,-93.248,-127.95,205.45,-94.747,-118.22,175.27,-57.262,-114.05,162.38,-45.645,-74.904,270.97,-105.64,-72.585,296.23,-100.2,-73.251,306.2,-102.9
-80.907,196.08,-117.25,-63.822,194.93,-116.29,-62.4,104.51,-97.545,-66.205,17.474,-119.1,-66.205,9.6738,-119.1,-97.991,197.23,-118.2,-112.7,107.46,-102.32,-122.65,19.808,-118.87,-121.61,12.077,-118.78,-79.484,218.8,-115.29,-76.786,251.06,-109.72,-69.872,269.01,-96.504,-42.548,259.15,-96.888,-34.168,199.34,-96.384,-39.621,156.64,-72.775,-42.214,139.88,-65.555,-80.404,270.17,-96.816,-107.32,256.72,-93.263,-128.56,205.58,-95.053,-118.66,176.45,-56.788,-114.21,163.87,-44.928,-74.752,270.74,-105.4,-72.413,295.85,-99.269,-73.131,305.82,-101.95
-80.958,195.96,-117.59,-63.884,194.73,-116.54,-62.205,104.53,-96.788,-66.152,17.597,-118.75,-66.152,9.7969,-118.75,-98.032,197.19,-118.64,-113.16,107.7,-101.55,-123.1,20.205,-118.87,-122,12.482,-118.83,-79.445,218.67,-115.57,-76.703,250.87,-109.71,-69.789,268.67,-96.29,-42.47,258.79,-96.6,-33.93,199,-96.344,-39.986,156.72,-72.125,-42.953,140.22,-64.491,-80.316,269.86,-96.631,-107.35,256.59,-93.301,-129.22,205.73,-95.368,-119.15,177.71,-56.329,-114.46,165.44,-44.245,-74.629,270.5,-105.19,-72.292,295.42,-98.33,-73.051,305.4,-100.98
-81.005,195.82,-117.94,-63.944,194.51,-116.79,-62.011,104.55,-96.004,-66.102,17.734,-118.39,-66.102,9.9343,-118.39,-98.067,197.13,-119.08,-113.66,107.97,-100.73,-123.57,20.651,-118.94,-122.43,12.935,-118.96,-79.405,218.52,-115.84,-76.648,250.68,-109.72,-69.739,268.31,-96.096,-42.426,258.42,-96.369,-33.649,198.66,-96.298,-40.388,156.87,-71.424,-43.738,140.65,-63.352,-80.261,269.53,-96.468,-107.43,256.48,-93.362,-129.94,205.91,-95.69,-119.69,179.05,-55.885,-114.82,167.08,-43.577,-74.537,270.25,-105,-72.25,294.96,-97.386,-73.038,304.94,-99.986
-81.049,195.67,-118.28,-64,194.29,-117.03,-61.822,104.58,-95.202,-66.056,17.885,-118.03,-66.056,10.085,-118.03,-98.097,197.05,-119.53,-114.21,108.26,-99.911,-124.09,21.154,-119.15,-122.9,13.445,-119.23,-79.367,218.35,-116.11,-76.616,250.47,-109.76,-69.718,267.94,-95.923,-42.411,258.04,-96.186,-33.337,198.32,-96.257,-40.837,157.09,-70.672,-44.576,141.19,-62.148,-80.236,269.2,-96.327,-107.55,256.4,-93.443,-130.7,206.13,-96.021,-120.27,180.5,-55.46,-115.25,168.82,-42.932,-74.474,269.99,-104.82,-72.272,294.45,-96.44,-73.078,304.45,-98.963
-81.089,195.51,-118.61,-64.055,194.05,-117.26,-61.646,104.61,-94.388,-66.011,18.048,-117.69,-66.011,10.248,-117.69,-98.124,196.96,-119.96,-114.81,108.56,-99.096,-124.66,21.709,-119.48,-123.41,14.011,-119.64,-79.332,218.18,-116.38,-76.603,250.25,-109.81,-69.725,267.57,-95.778,-42.423,257.65,-96.033,-33.014,197.99,-96.231,-41.348,157.41,-69.873,-45.487,141.86,-60.895,-80.238,268.86,-96.213,-107.71,256.35,-93.545,-131.5,206.4,-96.372,-120.93,182.07,-55.052,-115.75,170.67,-42.332,-74.439,269.72,-104.68,-72.314,293.9,-95.499,-73.131,303.93,-97.917
-81.129,195.33,-118.92,-64.107,193.81,-117.47,-61.487,104.65,-93.57,-65.968,18.224,-117.36,-65.968,10.424,-117.36,-98.15,196.85,-120.37,-115.45,108.86,-98.286,-125.28,22.314,-119.91,-123.94,14.633,-120.13,-79.303,217.99,-116.63,-76.599,250.03,-109.91,-69.748,267.21,-95.674,-42.451,257.27,-95.922,-32.676,197.67,-96.228,-41.913,157.84,-69.035,-46.459,142.68,-59.602,-80.257,268.51,-96.142,-107.89,256.33,-93.683,-132.34,206.71,-96.759,-121.69,183.77,-54.673,-116.31,172.64,-41.799,-74.42,269.45,-104.57,-72.358,293.3,-94.559,-73.184,303.36,-96.848
-81.167,195.14,-119.21,-64.159,193.57,-117.67,-61.352,104.69,-92.755,-65.925,18.411,-117.06,-65.925,10.611,-117.06,-98.175,196.72,-120.75,-116.12,109.16,-97.503,-125.96,22.961,-120.47,-124.47,15.308,-120.74,-79.28,217.8,-116.88,-76.594,249.82,-110.05,-69.774,266.84,-95.624,-42.479,256.9,-95.857,-32.318,197.36,-96.252,-42.516,158.4,-68.167,-47.477,143.66,-58.28,-80.278,268.17,-96.125,-108.07,256.32,-93.875,-133.2,207.06,-97.199,-122.54,185.59,-54.346,-116.93,174.72,-41.343,-74.401,269.17,-104.52,-72.397,292.64,-93.63,-73.236,302.73,-95.769
-81.206,194.94,-119.47,-64.209,193.32,-117.85,-61.242,104.73,-91.938,-65.88,18.613,-116.79,-65.88,10.813,-116.79,-98.202,196.56,-121.09,-116.79,109.44,-96.746,-126.69,23.65,-121.19,-125.02,16.037,-121.49,-79.271,217.59,-117.12,-76.583,249.6,-110.24,-69.795,266.47,-95.63,-42.496,256.54,-95.848,-31.943,197.08,-96.295,-43.168,159.1,-67.264,-48.53,144.83,-56.923,-80.294,267.83,-96.166,-108.27,256.37,-94.124,-134.08,207.48,-97.705,-123.44,187.58,-54.094,-117.63,177.03,-40.923,-74.379,268.9,-104.53,-72.41,291.94,-92.748,-73.27,302.07,-94.704
-81.243,194.73,-119.7,-64.257,193.07,-118,-61.148,104.77,-91.118,-65.837,18.828,-116.54,-65.837,11.028,-116.54,-98.228,196.38,-121.39,-117.47,109.69,-96.059,-127.48,24.37,-122.06,-125.6,16.808,-122.38,-79.267,217.37,-117.34,-76.565,249.38,-110.49,-69.816,266.11,-95.69,-42.504,256.22,-95.89,-31.546,196.82,-96.331,-43.866,159.97,-66.318,-49.583,146.17,-55.523,-80.31,267.49,-96.261,-108.47,256.46,-94.427,-134.99,207.97,-98.288,-124.39,189.69,-53.969,-118.43,179.59,-40.513,-74.356,268.63,-104.58,-72.409,291.2,-91.928,-73.297,301.36,-93.661
-81.28,194.49,-119.9,-64.304,192.81,-118.14,-61.06,104.82,-90.278,-65.792,19.064,-116.32,-65.792,11.264,-116.32,-98.256,196.17,-121.67,-118.12,109.89,-95.406,-128.34,25.121,-123.05,-126.26,17.612,-123.39,-79.278,217.13,-117.56,-76.56,249.16,-110.77,-69.846,265.76,-95.809,-42.534,255.86,-95.988,-31.162,196.54,-96.344,-44.647,160.94,-65.331,-50.673,147.66,-54.072,-80.335,267.16,-96.414,-108.67,256.55,-94.775,-135.94,208.51,-98.924,-125.38,191.92,-53.933,-119.3,182.45,-40.078,-74.342,268.35,-104.7,-72.41,290.41,-91.175,-73.33,300.61,-92.648
-81.32,194.24,-120.09,-64.352,192.55,-118.25,-60.987,104.87,-89.436,-65.744,19.315,-116.13,-65.744,11.515,-116.13,-98.287,195.93,-121.92,-118.72,110.05,-94.792,-129.22,25.883,-124.12,-126.97,18.423,-124.48,-79.31,216.88,-117.78,-76.577,248.93,-111.09,-69.888,265.41,-95.991,-42.593,255.47,-96.148,-30.815,196.23,-96.327,-45.507,162.02,-64.31,-51.875,149.32,-52.587,-80.371,266.84,-96.633,-108.86,256.64,-95.171,-136.9,209.06,-99.588,-126.35,194.22,-53.988,-120.21,185.53,-39.657,-74.339,268.07,-104.89,-72.414,289.59,-90.508,-73.365,299.83,-91.691
-81.362,193.97,-120.25,-64.402,192.28,-118.35,-60.928,104.93,-88.594,-65.692,19.581,-115.95,-65.692,11.781,-115.95,-98.323,195.66,-122.15,-119.26,110.17,-94.213,-130.07,26.636,-125.21,-127.78,19.188,-125.61,-79.36,216.62,-117.99,-76.613,248.7,-111.46,-69.945,265.07,-96.228,-42.672,255.07,-96.37,-30.504,195.91,-96.261,-46.413,163.24,-63.243,-53.215,151.18,-51.081,-80.421,266.54,-96.908,-109.06,256.74,-95.625,-137.89,209.66,-100.26,-127.43,196.61,-54.098,-121.14,188.81,-39.329,-74.349,267.8,-105.13,-72.428,288.76,-89.942,-73.411,299.03,-90.786
-81.405,193.69,-120.38,-64.451,192.01,-118.41,-60.911,104.98,-87.732,-65.64,19.865,-115.8,-65.64,12.065,-115.8,-98.359,195.37,-122.36,-119.7,110.22,-93.653,-130.67,27.37,-126.36,-128.58,19.867,-126.81,-79.419,216.35,-118.2,-76.677,248.46,-111.85,-70.029,264.74,-96.511,-42.78,254.67,-96.644,-30.24,195.59,-96.125,-47.361,164.59,-62.118,-54.653,153.26,-49.551,-80.497,266.25,-97.233,-109.25,256.74,-96.146,-138.98,210.24,-100.95,-128.65,199.05,-54.269,-122.21,192.18,-39.106,-74.382,267.53,-105.42,-72.487,287.89,-89.45,-73.498,298.18,-89.917
-81.448,193.39,-120.49,-64.501,191.74,-118.45,-60.921,105.03,-86.861,-65.586,20.161,-115.68,-65.586,12.361,-115.68,-98.395,195.05,-122.54,-120.11,110.26,-93.1,-131.17,28.099,-127.5,-129.43,20.514,-128.03,-79.481,216.06,-118.4,-76.761,248.22,-112.26,-70.134,264.43,-96.843,-42.916,254.28,-96.953,-30.033,195.28,-95.9,-48.353,166.08,-60.94,-56.163,155.53,-48.008,-80.594,265.97,-97.611,-109.44,256.75,-96.713,-140.1,210.87,-101.64,-129.93,201.6,-54.51,-123.41,195.65,-38.993,-74.435,267.26,-105.76,-72.562,286.98,-89.007,-73.609,297.28,-89.099
-81.498,193.1,-120.58,-64.558,191.46,-118.46,-60.903,105.07,-86.025,-65.524,20.456,-115.59,-65.524,12.656,-115.59,-98.438,194.74,-122.69,-120.48,110.26,-92.58,-131.62,28.821,-128.61,-130.31,21.162,-129.28,-79.551,215.78,-118.62,-76.851,247.98,-112.69,-70.248,264.16,-97.232,-43.07,253.9,-97.295,-29.89,194.98,-95.589,-49.413,167.72,-59.723,-57.757,158.01,-46.472,-80.698,265.73,-98.05,-109.66,256.86,-97.311,-141.21,211.6,-102.35,-131.2,204.32,-54.833,-124.69,199.26,-39,-74.495,267,-106.17,-72.616,286.04,-88.634,-73.709,296.33,-88.345
-81.553,192.81,-120.65,-64.621,191.2,-118.46,-60.861,105.11,-85.242,-65.455,20.74,-115.51,-65.455,12.94,-115.51,-98.486,194.43,-122.84,-120.83,110.24,-92.16,-132.07,29.516,-129.74,-131.19,21.814,-130.6,-79.621,215.51,-118.83,-76.94,247.75,-113.15,-70.366,263.93,-97.671,-43.237,253.54,-97.663,-29.789,194.71,-95.186,-50.53,169.54,-58.48,-59.436,160.77,-44.943,-80.807,265.53,-98.543,-109.88,257.01,-97.945,-142.35,212.42,-103.08,-132.5,207.16,-55.264,-126.06,202.98,-39.15,-74.56,266.78,-106.63,-72.672,285.11,-88.362,-73.813,295.37,-87.669
-81.613,192.54,-120.69,-64.689,190.94,-118.42,-60.819,105.13,-84.489,-65.381,21.017,-115.45,-65.381,13.217,-115.45,-98.537,194.14,-122.96,-121.16,110.18,-91.84,-132.53,30.191,-130.92,-132.04,22.479,-131.98,-79.686,215.25,-119.05,-77.026,247.54,-113.63,-70.491,263.73,-98.153,-43.412,253.21,-98.055,-29.731,194.48,-94.694,-51.692,171.56,-57.233,-61.179,163.87,-43.438,-80.923,265.36,-99.084,-110.09,257.18,-98.614,-143.54,213.32,-103.84,-133.82,210.11,-55.819,-127.47,206.76,-39.477,-74.63,266.57,-107.14,-72.757,284.21,-88.206,-73.942,294.44,-87.112
-81.681,192.26,-120.7,-64.767,190.68,-118.35,-60.776,105.15,-83.755,-65.298,21.294,-115.43,-65.298,13.494,-115.43,-98.595,193.84,-123.05,-121.51,110.09,-91.596,-132.96,30.859,-132.17,-132.79,23.166,-133.44,-79.758,214.98,-119.25,-77.118,247.32,-114.13,-70.626,263.55,-98.673,-43.595,252.92,-98.474,-29.743,194.29,-94.097,-52.928,173.76,-55.992,-62.989,167.25,-41.998,-81.049,265.21,-99.666,-110.32,257.37,-99.316,-144.74,214.29,-104.65,-135.2,213.11,-56.503,-128.92,210.56,-39.986,-74.709,266.37,-107.7,-72.887,283.37,-88.166,-74.107,293.54,-86.701
-81.757,191.99,-120.69,-64.852,190.42,-118.25,-60.734,105.15,-83.04,-65.206,21.569,-115.43,-65.206,13.769,-115.43,-98.661,193.55,-123.12,-121.86,109.97,-91.429,-133.4,31.513,-133.47,-133.48,23.856,-134.95,-79.835,214.72,-119.44,-77.212,247.11,-114.64,-70.769,263.4,-99.22,-43.78,252.66,-98.918,-29.836,194.15,-93.37,-54.266,176.18,-54.754,-64.872,170.86,-40.661,-81.182,265.07,-100.28,-110.54,257.59,-100.05,-145.95,215.33,-105.52,-136.65,216.15,-57.316,-130.5,214.5,-40.64,-74.794,266.19,-108.28,-73.083,282.56,-88.218,-74.32,292.68,-86.445
-81.841,191.71,-120.65,-64.947,190.17,-118.12,-60.696,105.14,-82.342,-65.104,21.843,-115.46,-65.104,14.043,-115.46,-98.734,193.25,-123.17,-122.23,109.81,-91.336,-133.84,32.136,-134.78,-134.12,24.526,-136.47,-79.922,214.46,-119.62,-77.31,246.9,-115.15,-70.922,263.26,-99.785,-43.967,252.43,-99.376,-30.027,194.06,-92.523,-55.744,178.8,-53.579,-66.832,174.61,-39.475,-81.325,264.95,-100.92,-110.77,257.81,-100.82,-147.2,216.45,-106.44,-138.13,219.27,-58.265,-132.18,218.49,-41.456,-74.887,266,-108.88,-73.31,281.8,-88.355,-74.555,291.87,-86.335
-81.934,191.44,-120.58,-65.053,189.92,-117.97,-60.663,105.12,-81.661,-64.991,22.117,-115.52,-64.991,14.317,-115.52,-98.816,192.95,-123.2,-122.66,109.64,-91.26,-134.25,32.836,-136.22,-134.69,25.268,-138.05,-80.019,214.19,-119.78,-77.412,246.68,-115.65,-71.085,263.12,-100.35,-44.156,252.24,-99.84,-30.326,194.02,-91.588,-57.336,181.6,-52.514,-68.858,178.44,-38.487,-81.477,264.83,-101.56,-111.01,258.04,-101.63,-148.47,217.64,-107.41,-139.68,222.48,-59.347,-133.89,222.48,-42.461,-74.987,265.82,-109.49,-73.524,281.12,-88.586,-74.781,291.14,-86.338
-82.039,191.17,-120.5,-65.17,189.68,-117.79,-60.638,105.1,-81,-64.867,22.388,-115.59,-64.867,14.588,-115.59,-98.908,192.65,-123.21,-123.13,109.47,-91.226,-134.61,33.574,-137.73,-135.16,26.039,-139.67,-80.13,213.93,-119.92,-77.519,246.46,-116.14,-71.26,263.01,-100.93,-44.345,252.1,-100.27,-30.747,194.05,-90.544,-59.01,184.56,-51.533,-70.94,182.38,-37.662,-81.641,264.72,-102.22,-111.25,258.3,-102.44,-149.76,218.92,-108.41,-141.28,225.81,-60.537,-135.64,226.56,-43.618,-75.097,265.64,-110.11,-73.724,280.55,-88.919,-74.998,290.51,-86.43
-82.153,190.9,-120.4,-65.298,189.45,-117.59,-60.623,105.06,-80.364,-64.731,22.656,-115.68,-64.731,14.856,-115.68,-99.009,192.35,-123.22,-123.65,109.27,-91.296,-134.94,34.225,-139.22,-135.55,26.716,-141.24,-80.256,213.67,-120.04,-77.629,246.23,-116.59,-71.445,262.92,-101.5,-44.542,251.99,-100.64,-31.304,194.15,-89.346,-60.764,187.64,-50.61,-73.063,186.5,-36.938,-81.813,264.64,-102.88,-111.5,258.58,-103.24,-151.06,220.29,-109.4,-142.88,229.25,-61.827,-137.44,230.79,-44.893,-75.216,265.47,-110.74,-73.9,280.08,-89.336,-75.204,289.97,-86.597
-82.276,190.64,-120.29,-65.435,189.23,-117.38,-60.623,105.03,-79.755,-64.586,22.919,-115.78,-64.586,15.119,-115.78,-99.117,192.04,-123.21,-124.22,109.04,-91.44,-135.24,34.806,-140.66,-135.84,27.314,-142.74,-80.4,213.41,-120.13,-77.741,246,-117.01,-71.638,262.85,-102.07,-44.758,251.89,-100.96,-31.978,194.31,-87.975,-62.58,190.77,-49.742,-75.215,190.78,-36.331,-81.995,264.57,-103.54,-111.75,258.88,-104.05,-152.37,221.75,-110.42,-144.43,232.78,-63.237,-139.25,235.15,-46.322,-75.341,265.3,-111.37,-74.042,279.7,-89.82,-75.397,289.52,-86.836
-82.411,190.38,-120.18,-65.584,189.02,-117.16,-60.634,104.98,-79.172,-64.428,23.176,-115.89,-64.428,15.376,-115.89,-99.238,191.74,-123.2,-124.81,108.81,-91.63,-135.5,35.332,-142.05,-136.05,27.851,-144.19,-80.56,213.15,-120.2,-77.851,245.77,-117.42,-71.837,262.8,-102.65,-44.981,251.81,-101.25,-32.755,194.55,-86.44,-64.447,193.94,-48.942,-77.382,195.19,-35.879,-82.18,264.51,-104.21,-112,259.2,-104.88,-153.66,223.29,-111.48,-145.93,236.38,-64.798,-141,239.61,-47.951,-75.467,265.14,-111.99,-74.16,279.44,-90.381,-75.587,289.18,-87.173
-82.561,190.13,-120.05,-65.75,188.81,-116.93,-60.654,104.94,-78.62,-64.253,23.423,-116,-64.253,15.623,-116,-99.373,191.45,-123.18,-125.4,108.55,-91.901,-135.69,35.787,-143.43,-136.18,28.312,-145.6,-80.734,212.91,-120.27,-77.957,245.55,-117.83,-72.037,262.75,-103.22,-45.202,251.76,-101.53,-33.628,194.89,-84.794,-66.346,197.15,-48.254,-79.54,199.68,-35.643,-82.366,264.46,-104.89,-112.25,259.53,-105.76,-154.94,224.9,-112.64,-147.39,240.01,-66.536,-142.67,244.11,-49.82,-75.593,264.98,-112.63,-74.302,279.29,-91.019,-75.801,288.95,-87.611
-82.727,189.9,-119.92,-65.932,188.62,-116.69,-60.698,104.89,-78.1,-64.06,23.658,-116.12,-64.06,15.858,-116.12,-99.522,191.17,-123.15,-125.98,108.26,-92.246,-135.78,36.168,-144.79,-136.21,28.697,-146.99,-80.92,212.67,-120.33,-78.063,245.33,-118.24,-72.241,262.71,-103.8,-45.424,251.72,-101.8,-34.612,195.32,-83.088,-68.279,200.35,-47.704,-81.691,204.17,-35.661,-82.554,264.4,-105.57,-112.49,259.88,-106.71,-156.2,226.61,-113.88,-148.85,243.66,-68.434,-144.24,248.61,-51.914,-75.72,264.82,-113.26,-74.513,279.24,-91.723,-76.061,288.82,-88.128
-82.91,189.67,-119.79,-66.133,188.44,-116.45,-60.777,104.83,-77.61,-63.845,23.881,-116.25,-63.845,16.081,-116.25,-99.688,190.9,-123.12,-126.51,107.97,-92.61,-135.75,36.475,-146.07,-136.14,29.005,-148.28,-81.12,212.45,-120.39,-78.169,245.12,-118.63,-72.449,262.68,-104.38,-45.653,251.71,-102.04,-35.68,195.86,-81.316,-70.209,203.55,-47.264,-83.808,208.6,-35.904,-82.746,264.36,-106.26,-112.73,260.24,-107.72,-157.43,228.38,-115.2,-150.28,247.33,-70.47,-145.74,253.08,-54.194,-75.849,264.67,-113.9,-74.783,279.3,-92.492,-76.36,288.81,-88.725
-83.114,189.46,-119.65,-66.354,188.27,-116.21,-60.884,104.77,-77.146,-63.606,24.093,-116.38,-63.606,16.293,-116.38,-99.874,190.65,-123.09,-127.01,107.66,-92.996,-135.63,36.688,-147.25,-135.99,29.216,-149.46,-81.335,212.23,-120.44,-78.276,244.9,-119.01,-72.659,262.67,-104.96,-45.888,251.72,-102.25,-36.826,196.51,-79.492,-72.108,206.85,-46.949,-85.896,212.94,-36.35,-82.939,264.32,-106.95,-112.96,260.62,-108.77,-158.59,230.21,-116.61,-151.66,250.96,-72.65,-147.14,257.47,-56.654,-75.979,264.52,-114.53,-75.084,279.43,-93.315,-76.679,288.88,-89.396
-83.341,189.26,-119.52,-66.599,188.1,-115.98,-61.013,104.7,-76.71,-63.339,24.291,-116.5,-63.339,16.491,-116.5,-100.08,190.42,-123.05,-127.45,107.34,-93.437,-135.47,36.804,-148.35,-135.79,29.326,-150.54,-81.56,212.02,-120.47,-78.395,244.7,-119.37,-72.882,262.66,-105.53,-46.139,251.75,-102.43,-38.04,197.27,-77.633,-73.96,210.25,-46.777,-87.947,217.18,-36.988,-83.142,264.3,-107.63,-113.18,261.01,-109.86,-159.69,232.06,-118.11,-152.97,254.53,-74.972,-148.46,261.77,-59.295,-76.116,264.38,-115.16,-75.417,279.64,-94.179,-77.021,289.03,-90.147
-83.586,189.08,-119.38,-66.864,187.95,-115.74,-61.174,104.64,-76.297,-63.065,24.486,-116.63,-63.059,16.686,-116.63,-100.31,190.22,-123.02,-127.86,107.02,-93.91,-135.28,36.839,-149.36,-135.57,29.351,-151.53,-81.798,211.83,-120.5,-78.539,244.51,-119.73,-73.127,262.67,-106.11,-46.418,251.79,-102.61,-39.325,198.15,-75.767,-75.771,213.62,-46.731,-89.943,221.32,-37.82,-83.365,264.29,-108.33,-113.41,261.4,-110.98,-160.71,233.93,-119.77,-154.22,258,-77.461,-149.71,266.03,-62.173,-76.268,264.25,-115.79,-75.768,279.87,-95.075,-77.386,289.25,-90.993
-83.844,188.92,-119.24,-67.145,187.81,-115.5,-61.364,104.57,-75.918,-62.784,24.672,-116.77,-62.766,16.872,-116.77,-100.54,190.02,-122.99,-128.23,106.69,-94.408,-135.08,36.793,-150.29,-135.33,29.293,-152.42,-82.051,211.66,-120.52,-78.703,244.34,-120.08,-73.393,262.69,-106.69,-46.722,251.86,-102.78,-40.686,199.17,-73.885,-77.59,216.94,-46.81,-91.902,225.35,-38.814,-83.605,264.3,-109.03,-113.64,261.8,-112.14,-161.64,235.81,-121.6,-155.38,261.36,-80.135,-150.9,270.22,-65.306,-76.435,264.12,-116.42,-76.118,280.13,-95.998,-77.76,289.51,-91.94
-84.117,188.77,-119.1,-67.44,187.7,-115.25,-61.579,104.51,-75.581,-62.5,24.844,-116.91,-62.468,17.044,-116.91,-100.79,189.85,-122.95,-128.57,106.35,-94.922,-134.85,36.675,-151.14,-135.07,29.16,-153.22,-82.32,211.51,-120.53,-78.876,244.18,-120.43,-73.67,262.73,-107.27,-47.035,251.98,-102.92,-42.118,200.35,-71.957,-79.433,220.24,-47.001,-93.833,229.31,-39.937,-83.854,264.31,-109.75,-113.87,262.23,-113.31,-162.47,237.68,-123.54,-156.42,264.63,-82.945,-152.01,274.32,-68.622,-76.608,264.01,-117.06,-76.456,280.41,-96.943,-78.13,289.83,-92.986
-84.403,188.65,-118.96,-67.75,187.61,-114.99,-61.818,104.44,-75.289,-62.222,25,-117.05,-62.174,17.2,-117.06,-101.06,189.69,-122.92,-128.85,106.02,-95.45,-134.59,36.492,-151.92,-134.78,28.96,-153.93,-82.604,211.37,-120.55,-79.05,244.03,-120.76,-73.951,262.78,-107.85,-47.354,252.15,-103.02,-43.642,201.71,-69.994,-81.289,223.55,-47.264,-95.738,233.22,-41.171,-84.106,264.35,-110.46,-114.09,262.68,-114.47,-163.19,239.55,-125.57,-157.36,267.83,-85.863,-153.06,278.28,-72.046,-76.784,263.92,-117.68,-76.781,280.73,-97.917,-78.489,290.2,-94.117
-84.704,188.54,-118.81,-68.074,187.54,-114.74,-62.074,104.37,-75.037,-61.946,25.148,-117.21,-61.876,17.349,-117.21,-101.33,189.55,-122.88,-129.12,105.68,-95.993,-134.29,36.255,-152.63,-134.48,28.707,-154.59,-82.905,211.25,-120.56,-79.245,243.9,-121.08,-74.246,262.85,-108.42,-47.698,252.32,-103.1,-45.284,203.21,-68.021,-83.164,226.82,-47.565,-97.63,237.06,-42.517,-84.371,264.38,-111.16,-114.31,263.11,-115.61,-163.84,241.39,-127.66,-158.21,270.98,-88.88,-154.05,282.05,-75.511,-76.976,263.83,-118.3,-77.105,281.07,-98.912,-78.85,290.62,-95.31
-85.02,188.45,-118.67,-68.414,187.49,-114.49,-62.338,104.32,-74.822,-61.665,25.294,-117.37,-61.566,17.495,-117.37,-101.63,189.42,-122.84,-129.37,105.35,-96.548,-133.96,35.971,-153.3,-134.16,28.407,-155.19,-83.223,211.15,-120.57,-79.463,243.78,-121.39,-74.558,262.92,-108.99,-48.066,252.54,-103.13,-47.03,204.88,-66.04,-85.061,230.08,-47.889,-99.494,240.83,-43.949,-84.653,264.43,-111.85,-114.55,263.53,-116.72,-164.41,243.21,-129.75,-159,274.06,-91.935,-154.98,285.63,-78.949,-77.188,263.75,-118.91,-77.429,281.45,-99.935,-79.211,291.07,-96.564
-85.351,188.38,-118.53,-68.767,187.46,-114.26,-62.606,104.27,-74.637,-61.381,25.447,-117.54,-61.239,17.648,-117.55,-101.94,189.31,-122.8,-129.62,105.03,-97.118,-133.59,35.646,-153.91,-133.82,28.066,-155.73,-83.559,211.07,-120.58,-79.693,243.67,-121.66,-74.88,263.01,-109.52,-48.439,252.84,-103.09,-48.887,206.75,-64.053,-86.993,233.36,-48.226,-101.35,244.57,-45.447,-84.943,264.48,-112.51,-114.78,263.98,-117.79,-164.9,245.03,-131.83,-159.69,277.09,-95.005,-155.82,289.04,-82.325,-77.41,263.68,-119.48,-77.736,281.89,-101,-79.555,291.6,-97.891
-85.697,188.34,-118.39,-69.134,187.45,-114.03,-62.879,104.23,-74.496,-61.095,25.597,-117.73,-60.899,17.799,-117.73,-102.26,189.22,-122.75,-129.88,104.73,-97.713,-133.22,35.276,-154.46,-133.47,27.681,-156.22,-83.909,211.01,-120.59,-79.93,243.59,-121.89,-75.209,263.12,-110.02,-48.82,253.23,-102.97,-50.86,208.83,-62.075,-88.981,236.67,-48.576,-103.26,248.22,-47.01,-85.24,264.55,-113.13,-115,264.45,-118.85,-165.32,246.84,-133.91,-160.24,280.06,-98.112,-156.58,292.27,-85.618,-77.641,263.62,-120.02,-78.012,282.41,-102.11,-79.867,292.19,-99.278
-86.052,188.32,-118.27,-69.508,187.48,-113.83,-63.16,104.19,-74.432,-60.804,25.708,-117.9,-60.561,17.912,-117.91,-102.6,189.15,-122.71,-130.15,104.45,-98.335,-132.85,34.866,-154.96,-133.13,27.254,-156.64,-84.277,210.98,-120.61,-80.173,243.54,-122.07,-75.546,263.25,-110.48,-49.208,253.73,-102.76,-52.953,211.12,-60.118,-91.049,240.01,-48.934,-105.25,251.75,-48.652,-85.546,264.64,-113.71,-115.21,264.95,-119.89,-165.65,248.66,-135.99,-160.7,283,-101.24,-157.12,295.33,-88.842,-77.881,263.59,-120.5,-78.274,282.98,-103.26,-80.159,292.83,-100.71
-86.413,188.32,-118.15,-69.887,187.53,-113.64,-63.451,104.16,-74.456,-60.514,25.766,-118.06,-60.237,17.971,-118.07,-102.94,189.11,-122.67,-130.44,104.19,-98.981,-132.5,34.421,-155.4,-132.78,26.793,-157.01,-84.661,210.97,-120.62,-80.428,243.51,-122.2,-75.898,263.4,-110.89,-49.611,254.34,-102.47,-55.162,213.62,-58.208,-93.203,243.37,-49.325,-107.3,255.18,-50.401,-85.864,264.75,-114.23,-115.41,265.46,-120.9,-165.92,250.45,-138.02,-161.1,285.92,-104.41,-157.5,298.26,-92.023,-78.134,263.59,-120.94,-78.555,283.6,-104.42,-80.457,293.52,-102.19
-86.779,188.35,-118.06,-70.268,187.62,-113.48,-63.73,104.13,-74.537,-60.196,25.807,-118.21,-59.882,18.013,-118.22,-103.29,189.08,-122.64,-130.73,103.96,-99.627,-132.15,33.955,-155.77,-132.44,26.311,-157.3,-85.061,210.99,-120.62,-80.685,243.51,-122.27,-76.276,263.59,-111.24,-50.056,255.02,-102.13,-57.444,216.27,-56.392,-95.39,246.72,-49.788,-109.38,258.46,-52.263,-86.206,264.88,-114.72,-115.62,265.99,-121.91,-166.15,252.26,-140,-161.47,288.87,-107.62,-157.78,301.11,-95.167,-78.404,263.61,-121.32,-78.879,284.27,-105.62,-80.756,294.27,-103.72
-87.149,188.41,-117.97,-70.653,187.74,-113.33,-64.009,104.12,-74.7,-59.885,25.807,-118.35,-59.537,18.015,-118.36,-103.64,189.09,-122.62,-131.01,103.76,-100.27,-131.81,33.472,-156.07,-132.09,25.814,-157.52,-85.478,211.05,-120.62,-80.951,243.54,-122.26,-76.691,263.82,-111.53,-50.563,255.72,-101.75,-59.762,219.04,-54.659,-97.572,250.07,-50.342,-111.44,261.56,-54.223,-86.579,265.04,-115.15,-115.84,266.56,-122.89,-166.36,254.08,-141.89,-161.8,291.86,-110.87,-157.97,303.93,-98.281,-78.696,263.66,-121.63,-79.153,284.93,-106.78,-80.989,295,-105.24
-87.522,188.51,-117.91,-71.04,187.9,-113.2,-64.285,104.12,-74.942,-59.582,25.771,-118.47,-59.203,17.98,-118.48,-104,189.12,-122.61,-131.27,103.59,-100.91,-131.48,32.974,-156.31,-131.75,25.302,-157.69,-85.91,211.14,-120.62,-81.246,243.62,-122.17,-77.137,264.09,-111.76,-51.118,256.48,-101.32,-62.097,221.92,-53.015,-99.758,253.35,-50.962,-113.48,264.46,-56.229,-86.98,265.24,-115.52,-116.06,267.14,-123.82,-166.53,255.9,-143.69,-162.09,294.86,-114.14,-158.08,306.68,-101.39,-79.016,263.74,-121.87,-79.437,285.6,-107.9,-81.211,295.74,-106.75
-87.9,188.64,-117.85,-71.432,188.09,-113.1,-64.551,104.13,-75.259,-59.284,25.7,-118.57,-58.873,17.911,-118.59,-104.37,189.18,-122.61,-131.5,103.45,-101.59,-131.14,32.461,-156.51,-131.4,24.777,-157.82,-86.354,211.27,-120.62,-81.574,243.73,-122.05,-77.608,264.39,-111.93,-51.709,257.29,-100.85,-64.429,224.83,-51.531,-101.94,256.51,-51.594,-115.48,267.09,-58.237,-87.405,265.46,-115.84,-116.28,267.74,-124.73,-166.68,257.68,-145.42,-162.32,297.81,-117.47,-158.12,309.37,-104.53,-79.364,263.86,-122.07,-79.735,286.29,-109.01,-81.423,296.47,-108.27
-88.285,188.8,-117.82,-71.83,188.32,-113.01,-64.794,104.16,-75.643,-58.99,25.601,-118.65,-58.544,17.814,-118.67,-104.74,189.27,-122.63,-131.69,103.32,-102.29,-130.82,31.941,-156.69,-131.05,24.244,-157.93,-86.807,211.43,-120.63,-81.928,243.89,-121.92,-78.108,264.7,-112.09,-52.338,258.09,-100.42,-66.789,227.73,-50.241,-104.1,259.58,-52.282,-117.44,269.46,-60.282,-87.86,265.69,-116.12,-116.5,268.32,-125.66,-166.79,259.39,-147.11,-162.49,300.66,-120.86,-158.11,311.95,-107.74,-79.744,264.02,-122.23,-80.007,286.95,-110.1,-81.594,297.18,-109.87
-88.675,188.99,-117.8,-72.232,188.58,-112.94,-65.009,104.22,-76.082,-58.702,25.483,-118.7,-58.217,17.698,-118.72,-105.12,189.4,-122.66,-131.83,103.2,-103.02,-130.5,31.404,-156.85,-130.7,23.697,-158.03,-87.275,211.62,-120.64,-82.308,244.07,-121.79,-78.638,265.02,-112.2,-53.002,258.87,-100,-69.213,230.69,-49.098,-106.28,262.65,-53.073,-119.37,271.67,-62.382,-88.346,265.94,-116.36,-116.72,268.88,-126.57,-166.88,261,-148.74,-162.58,303.35,-124.28,-158.12,314.4,-110.99,-80.157,264.2,-122.35,-80.259,287.64,-111.22,-81.718,297.88,-111.53
-89.068,189.2,-117.81,-72.634,188.87,-112.91,-65.204,104.3,-76.568,-58.422,25.352,-118.71,-57.89,17.57,-118.73,-105.5,189.54,-122.7,-131.95,103.1,-103.77,-130.18,30.844,-156.98,-130.36,23.126,-158.09,-87.758,211.84,-120.67,-82.722,244.28,-121.62,-79.202,265.37,-112.26,-53.702,259.67,-99.562,-71.692,233.73,-48.069,-108.5,265.69,-53.933,-121.28,273.72,-64.497,-88.864,266.21,-116.54,-116.95,269.46,-127.44,-166.95,262.53,-150.27,-162.61,305.9,-127.66,-158.15,316.81,-114.26,-80.605,264.41,-122.41,-80.509,288.31,-112.32,-81.806,298.54,-113.2
-89.461,189.45,-117.83,-73.034,189.2,-112.91,-65.386,104.41,-77.109,-58.154,25.209,-118.7,-57.565,17.431,-118.72,-105.89,189.69,-122.75,-132.05,103.02,-104.56,-129.88,30.266,-157.07,-130.02,22.539,-158.12,-88.261,212.08,-120.69,-83.173,244.53,-121.42,-79.799,265.73,-112.27,-54.433,260.52,-99.104,-74.211,236.83,-47.182,-110.71,268.75,-54.901,-123.15,275.65,-66.615,-89.415,266.5,-116.66,-117.18,270.05,-128.25,-167.01,263.99,-151.7,-162.56,308.3,-131.02,-158.25,319.18,-117.54,-81.089,264.65,-122.43,-80.761,288.98,-113.42,-81.864,299.16,-114.91
-89.849,189.72,-117.87,-73.427,189.56,-112.92,-65.548,104.55,-77.713,-57.903,25.053,-118.66,-57.248,17.281,-118.68,-106.27,189.87,-122.81,-132.13,102.95,-105.37,-129.58,29.677,-157.14,-129.69,21.941,-158.13,-88.78,212.37,-120.7,-83.661,244.81,-121.19,-80.429,266.12,-112.25,-55.194,261.45,-98.634,-76.747,239.98,-46.452,-112.88,271.83,-56.008,-124.97,277.54,-68.684,-90,266.82,-116.75,-117.44,270.64,-129.01,-167.08,265.39,-153.04,-162.47,310.59,-134.43,-158.39,321.45,-120.86,-81.609,264.92,-122.41,-81.006,289.64,-114.53,-81.888,299.73,-116.64
-90.226,190.02,-117.92,-73.809,189.97,-112.96,-65.665,104.74,-78.353,-57.645,24.896,-118.55,-56.926,17.129,-118.57,-106.64,190.08,-122.88,-132.21,102.91,-106.25,-129.31,29.061,-157.18,-129.39,21.318,-158.11,-89.305,212.68,-120.72,-84.188,245.13,-120.96,-81.093,266.54,-112.2,-55.994,262.44,-98.163,-79.295,243.25,-45.847,-115.01,274.95,-57.247,-126.82,279.51,-70.636,-90.619,267.17,-116.81,-117.74,271.24,-129.7,-167.22,266.79,-154.22,-162.38,312.85,-137.92,-158.59,323.66,-124.22,-82.167,265.23,-122.36,-81.269,290.25,-115.53,-81.896,300.2,-118.3
-90.6,190.37,-118,-74.187,190.43,-113.02,-65.515,105.07,-78.861,-57.106,24.873,-118.27,-56.436,17.102,-118.36,-107.01,190.31,-122.97,-132.26,102.89,-107.21,-129.08,28.401,-157.17,-129.11,20.65,-158.05,-89.848,213.04,-120.74,-84.757,245.5,-120.72,-81.789,266.99,-112.14,-56.838,263.44,-97.692,-81.842,246.61,-45.352,-117.07,278.11,-58.667,-128.78,281.67,-72.436,-91.271,267.56,-116.84,-118.08,271.85,-130.3,-167.39,268.26,-155.3,-162.26,315.08,-141.42,-158.85,325.91,-127.64,-82.762,265.59,-122.29,-81.577,290.84,-116.45,-81.912,300.6,-119.88
-90.97,190.75,-118.09,-74.564,190.93,-113.1,-65.235,105.46,-79.39,-56.534,24.87,-117.92,-55.919,17.096,-118.09,-107.38,190.57,-123.08,-132.29,102.89,-108.26,-128.89,27.691,-157.14,-128.84,19.933,-157.95,-90.4,213.43,-120.78,-85.363,245.89,-120.47,-82.514,267.47,-112.06,-57.724,264.44,-97.22,-84.341,249.97,-44.969,-118.98,281.21,-60.288,-130.78,284.02,-74.156,-91.953,267.98,-116.85,-118.47,272.47,-130.82,-167.57,269.76,-156.33,-162.01,317.17,-144.82,-159.2,328.23,-131.09,-83.39,265.97,-122.21,-81.921,291.43,-117.38,-81.944,300.94,-121.45
-91.346,191.15,-118.21,-74.947,191.46,-113.2,-64.942,105.91,-79.889,-55.923,24.93,-117.52,-55.363,17.154,-117.78,-107.75,190.85,-123.21,-132.29,102.9,-109.39,-128.68,26.955,-157.08,-128.56,19.191,-157.82,-90.968,213.85,-120.82,-85.998,246.32,-120.2,-83.259,267.98,-111.97,-58.643,265.47,-96.746,-86.748,253.22,-44.704,-120.67,284.18,-62.069,-132.65,286.61,-75.857,-92.657,268.43,-116.85,-118.9,273.08,-131.27,-167.76,271.23,-157.31,-161.58,319.06,-148.09,-159.55,330.57,-134.6,-84.044,266.38,-122.11,-82.326,292,-118.35,-82.021,301.24,-123.02
-91.745,191.59,-118.36,-75.353,192.01,-113.33,-64.669,106.42,-80.336,-55.25,25.063,-117.05,-54.745,17.289,-117.42,-108.14,191.17,-123.38,-132.2,102.93,-110.59,-128.41,26.2,-157,-128.23,18.432,-157.68,-91.557,214.3,-120.87,-86.659,246.77,-119.91,-84.011,268.5,-111.84,-59.574,266.64,-96.247,-89.076,256.37,-44.553,-122.15,286.98,-64.038,-134.39,289.47,-77.58,-93.37,268.9,-116.81,-119.35,273.69,-131.64,-167.95,272.67,-158.22,-161,320.77,-151.21,-159.75,332.95,-138.22,-84.713,266.82,-121.98,-82.85,292.57,-119.34,-82.17,301.49,-124.54
-92.161,192.04,-118.53,-75.78,192.57,-113.48,-64.426,106.97,-80.753,-54.507,25.249,-116.52,-54.071,17.478,-117.02,-108.54,191.51,-123.58,-132.03,102.97,-111.87,-128.08,25.435,-156.91,-127.87,17.663,-157.53,-92.163,214.77,-120.91,-87.355,247.24,-119.59,-84.779,269.04,-111.7,-60.537,267.89,-95.735,-91.361,259.43,-44.486,-123.49,289.62,-66.105,-136.02,292.51,-79.296,-94.102,269.39,-116.73,-119.85,274.31,-131.94,-168.15,274.05,-159.06,-160.32,322.28,-154.17,-159.68,335.37,-142.06,-85.406,267.27,-121.82,-83.589,293.12,-120.42,-82.457,301.71,-126.08
-92.572,192.52,-118.69,-76.206,193.17,-113.6,-64.207,107.53,-81.198,-53.679,25.466,-115.98,-53.324,17.702,-116.63,-108.94,191.86,-123.77,-131.79,103,-113.23,-127.74,24.657,-156.83,-127.51,16.881,-157.4,-92.773,215.25,-120.98,-88.113,247.72,-119.29,-85.596,269.6,-111.57,-61.574,269.11,-95.248,-93.614,262.37,-44.492,-124.73,292.09,-68.142,-137.49,295.6,-80.961,-94.883,269.9,-116.68,-120.41,274.9,-132.22,-168.41,275.32,-159.87,-159.6,323.54,-156.99,-159.33,337.74,-146.18,-86.152,267.73,-121.69,-84.509,293.63,-121.48,-82.895,301.85,-127.56
-92.951,193,-118.81,-76.612,193.81,-113.67,-64.001,108.09,-81.697,-52.774,25.701,-115.47,-52.501,17.948,-116.28,-109.29,192.18,-123.96,-131.49,103.02,-114.66,-127.42,23.877,-156.78,-127.17,16.099,-157.3,-93.37,215.73,-121.08,-88.965,248.22,-119.01,-86.496,270.17,-111.49,-62.713,270.33,-94.812,-95.838,265.19,-44.569,-125.88,294.41,-70.147,-138.76,298.6,-82.639,-95.748,270.42,-116.66,-121.07,275.43,-132.53,-168.78,276.48,-160.67,-158.92,324.57,-159.66,-158.79,339.94,-150.58,-86.984,268.2,-121.59,-85.439,294.1,-122.39,-83.397,301.9,-128.87
-93.303,193.47,-118.91,-76.997,194.47,-113.69,-63.839,108.64,-82.245,-51.815,25.939,-114.98,-51.621,18.202,-115.95,-109.61,192.48,-124.13,-131.11,103.02,-116.16,-127.04,23.089,-156.77,-126.81,15.306,-157.24,-93.952,216.2,-121.21,-89.867,248.7,-118.83,-87.454,270.72,-111.48,-63.905,271.49,-94.487,-97.955,267.83,-44.734,-126.93,296.52,-72.091,-139.74,301.4,-84.396,-96.672,270.92,-116.71,-121.79,275.86,-132.92,-169.21,277.54,-161.52,-158.32,325.42,-162.12,-158.02,341.88,-155.23,-87.874,268.67,-121.56,-86.412,294.51,-123.4,-83.963,301.89,-130.23
-93.649,193.93,-118.99,-77.381,195.11,-113.69,-63.714,109.15,-82.832,-50.812,26.168,-114.5,-50.686,18.451,-115.63,-109.92,192.75,-124.29,-130.64,103,-117.65,-126.67,22.331,-156.78,-126.46,14.545,-157.2,-94.526,216.64,-121.35,-90.763,249.17,-118.72,-88.417,271.24,-111.51,-65.092,272.58,-94.25,-99.931,270.31,-44.963,-127.98,298.38,-73.881,-140.47,304.02,-86.199,-97.6,271.39,-116.81,-122.52,276.22,-133.36,-169.65,278.54,-162.38,-157.83,326.15,-164.31,-156.98,343.43,-159.9,-88.768,269.12,-121.58,-87.341,294.86,-124.5,-84.527,301.83,-131.61
-93.996,194.37,-119.06,-77.773,195.73,-113.66,-63.615,109.61,-83.474,-49.81,26.361,-114.05,-49.728,18.665,-115.32,-110.22,193.01,-124.45,-130.09,102.98,-119.12,-126.29,21.607,-156.8,-126.11,13.818,-157.17,-95.088,217.06,-121.49,-91.671,249.6,-118.61,-89.394,271.73,-111.56,-66.27,273.7,-94.083,-101.78,272.71,-45.234,-129.18,299.97,-75.519,-140.85,306.59,-88.14,-98.545,271.84,-116.91,-123.25,276.6,-133.79,-170.11,279.55,-163.19,-157.49,326.9,-166.27,-155.78,344.55,-164.21,-89.681,269.53,-121.61,-88.208,295.14,-125.56,-85.088,301.72,-132.91
-94.346,194.78,-119.11,-78.172,196.3,-113.62,-63.566,109.98,-84.238,-48.922,26.471,-113.68,-48.818,18.791,-115.04,-110.52,193.25,-124.61,-129.45,102.95,-120.56,-125.9,20.922,-156.81,-125.74,13.131,-157.14,-95.631,217.45,-121.63,-92.594,250.01,-118.49,-90.394,272.19,-111.6,-67.458,274.79,-93.961,-103.54,275,-45.522,-130.65,301.32,-76.874,-141.21,308.88,-89.946,-99.514,272.24,-117,-123.99,277.04,-134.2,-170.59,280.6,-163.95,-157.26,327.67,-168.13,-154.45,345.3,-167.95,-90.621,269.91,-121.64,-88.995,295.35,-126.52,-85.645,301.58,-134.07
-94.703,195.16,-119.17,-78.583,196.84,-113.56,-63.468,110.34,-84.978,-48.006,26.574,-113.26,-47.883,18.911,-114.71,-110.82,193.48,-124.77,-128.86,102.96,-121.86,-125.62,20.38,-156.87,-125.42,12.587,-157.12,-96.155,217.82,-121.78,-93.513,250.39,-118.4,-91.396,272.63,-111.67,-68.656,275.74,-93.865,-105.21,277.09,-45.803,-132.27,302.52,-77.921,-141.45,310.83,-91.568,-100.49,272.61,-117.12,-124.73,277.45,-134.64,-171.08,281.64,-164.7,-157.14,328.42,-169.99,-152.93,345.72,-171.28,-91.565,270.27,-121.69,-89.706,295.51,-127.42,-86.192,301.43,-135.15
-95.065,195.53,-119.23,-79.003,197.34,-113.5,-63.325,110.72,-85.59,-47.053,26.73,-112.73,-46.914,19.086,-114.28,-111.13,193.71,-124.96,-128.23,102.98,-123.14,-125.32,19.872,-156.91,-125.08,12.078,-157.09,-96.665,218.16,-121.91,-94.421,250.74,-118.32,-92.386,273.03,-111.75,-69.844,276.58,-93.779,-106.79,278.97,-46.055,-134.07,303.61,-78.606,-141.61,312.53,-92.86,-101.45,272.96,-117.25,-125.46,277.84,-135.08,-171.57,282.67,-165.41,-157.12,329.18,-171.73,-151.34,345.85,-174.38,-92.496,270.6,-121.76,-90.375,295.63,-128.29,-86.738,301.27,-136.16
-95.427,195.86,-119.32,-79.427,197.8,-113.45,-63.166,111.11,-86.077,-46.09,26.938,-112.14,-45.909,19.313,-113.77,-111.43,193.93,-125.18,-127.56,103,-124.43,-124.94,19.38,-156.92,-124.69,11.585,-157.03,-97.163,218.48,-122.04,-95.312,251.06,-118.26,-93.351,273.41,-111.83,-71.021,277.35,-93.676,-108.29,280.68,-46.259,-135.9,304.7,-78.983,-141.79,314.05,-93.728,-102.38,273.28,-117.39,-126.19,278.17,-135.48,-172.06,283.7,-166.05,-157.23,329.95,-173.28,-149.9,345.72,-177.28,-93.398,270.9,-121.82,-91.035,295.69,-129.13,-87.293,301.1,-137.12
-95.791,196.16,-119.43,-79.855,198.19,-113.43,-63.064,111.46,-86.501,-45.292,27.18,-111.73,-44.87,19.563,-113.35,-111.73,194.14,-125.44,-126.91,103.05,-125.67,-124.53,18.931,-156.88,-124.27,11.135,-156.93,-97.641,218.78,-122.14,-96.167,251.35,-118.19,-94.275,273.74,-111.91,-72.187,278.09,-93.548,-109.74,282.25,-46.425,-137.64,305.9,-79.18,-141.95,315.59,-94.246,-103.27,273.57,-117.52,-126.9,278.43,-135.85,-172.56,284.67,-166.6,-157.54,330.72,-174.63,-148.8,345.38,-179.86,-94.25,271.17,-121.88,-91.716,295.71,-129.94,-87.877,300.9,-138.03
-96.149,196.42,-119.57,-80.278,198.52,-113.42,-62.952,111.81,-86.788,-44.505,27.486,-111.38,-43.715,19.888,-112.96,-112.02,194.33,-125.72,-126.32,103.1,-126.83,-124.11,18.534,-156.81,-123.85,10.738,-156.8,-98.098,219.03,-122.25,-96.979,251.61,-118.17,-95.16,274.04,-112.01,-73.341,278.8,-93.437,-111.16,283.69,-46.601,-139.21,307.17,-79.363,-142.11,317.09,-94.617,-104.11,273.82,-117.7,-127.6,278.63,-136.21,-173.07,285.55,-167.09,-158.01,331.46,-175.85,-148.06,344.92,-182.03,-95.054,271.41,-121.97,-92.387,295.72,-130.65,-88.476,300.71,-138.82
-96.495,196.66,-119.71,-80.691,198.82,-113.42,-62.841,112.13,-87.051,-43.724,27.787,-111.03,-42.549,20.228,-112.55,-112.3,194.49,-126.01,-125.75,103.14,-127.89,-123.7,18.178,-156.73,-123.43,10.384,-156.65,-98.541,219.26,-122.36,-97.695,251.84,-118.23,-95.982,274.31,-112.17,-74.436,279.46,-93.38,-112.52,285.01,-46.827,-140.59,308.38,-79.639,-142.33,318.37,-95.025,-104.88,274.04,-117.93,-128.24,278.79,-136.63,-173.57,286.39,-167.55,-158.46,332.13,-177.02,-147.54,344.49,-183.87,-95.779,271.62,-122.11,-92.979,295.75,-131.23,-89.012,300.56,-139.5
-96.83,196.87,-119.87,-81.097,199.11,-113.42,-62.746,112.44,-87.341,-42.96,28.049,-110.6,-41.478,20.539,-112.1,-112.56,194.63,-126.31,-125.18,103.18,-128.85,-123.3,17.856,-156.63,-123.03,10.062,-156.5,-98.979,219.47,-122.49,-98.314,252.05,-118.34,-96.739,274.55,-112.36,-75.459,280.06,-93.366,-113.79,286.23,-47.1,-141.73,309.56,-80.057,-142.67,319.41,-95.598,-105.57,274.22,-118.21,-128.8,278.93,-137.08,-174.05,287.2,-167.96,-158.71,332.7,-178.19,-147.13,344.17,-185.48,-96.427,271.82,-122.28,-93.512,295.79,-131.79,-89.49,300.42,-140.13
-97.151,197.07,-120.03,-81.494,199.39,-113.43,-62.668,112.79,-87.464,-42.206,28.427,-110.24,-40.508,20.954,-111.69,-112.81,194.74,-126.63,-124.61,103.2,-129.7,-122.91,17.566,-156.51,-122.64,9.7726,-156.33,-99.408,219.66,-122.64,-98.913,252.24,-118.47,-97.481,274.76,-112.55,-76.454,280.61,-93.381,-115.04,287.36,-47.41,-142.69,310.71,-80.599,-143.15,320.3,-96.322,-106.26,274.39,-118.49,-129.34,279.05,-137.55,-174.54,287.95,-168.33,-158.72,333.1,-179.36,-146.76,343.95,-186.97,-97.061,272,-122.46,-94.053,295.82,-132.33,-89.972,300.3,-140.72
-97.453,197.24,-120.2,-81.877,199.67,-113.44,-62.602,113.14,-87.561,-41.46,28.815,-109.87,-39.592,21.375,-111.29,-113.03,194.82,-126.95,-124.12,103.2,-130.39,-122.55,17.311,-156.38,-122.27,9.5189,-156.16,-99.828,219.82,-122.82,-99.504,252.4,-118.63,-98.218,274.94,-112.75,-77.43,281.11,-93.421,-116.28,288.41,-47.75,-143.51,311.8,-81.244,-143.67,321.15,-97.12,-106.94,274.51,-118.77,-129.87,279.14,-138.02,-175.04,288.6,-168.67,-158.7,333.36,-180.51,-146.52,343.74,-188.42,-97.695,272.16,-122.65,-94.605,295.82,-132.85,-90.465,300.17,-141.28
-97.735,197.4,-120.36,-82.244,199.94,-113.45,-62.546,113.48,-87.655,-40.72,29.206,-109.49,-38.748,21.791,-110.9,-113.23,194.87,-127.27,-123.7,103.19,-130.97,-122.21,17.087,-156.24,-121.93,9.2957,-156,-100.23,219.96,-123.03,-100.09,252.54,-118.8,-98.952,275.1,-112.97,-78.388,281.57,-93.494,-117.48,289.36,-48.116,-144.25,312.79,-81.96,-144.28,321.94,-97.955,-107.61,274.62,-119.06,-130.4,279.17,-138.5,-175.56,289.16,-169,-158.74,333.52,-181.65,-146.49,343.6,-189.83,-98.328,272.3,-122.85,-95.164,295.82,-133.34,-90.967,300.04,-141.81
-98,197.56,-120.52,-82.599,200.2,-113.45,-62.504,113.81,-87.737,-39.997,29.594,-109.09,-37.963,22.198,-110.5,-113.4,194.91,-127.59,-123.33,103.18,-131.46,-121.89,16.89,-156.1,-121.62,9.0987,-155.84,-100.61,220.09,-123.26,-100.67,252.66,-119,-99.684,275.24,-113.2,-79.331,282,-93.602,-118.65,290.24,-48.5,-144.95,313.69,-82.697,-145,322.66,-98.792,-108.29,274.71,-119.36,-130.93,279.19,-139,-176.08,289.63,-169.36,-158.8,333.59,-182.75,-146.68,343.62,-191.19,-98.964,272.43,-123.08,-95.732,295.82,-133.82,-91.485,299.93,-142.32
-98.257,197.7,-120.69,-82.946,200.45,-113.47,-62.482,114.13,-87.798,-39.309,29.973,-108.67,-37.216,22.597,-110.1,-113.57,194.95,-127.91,-123.03,103.16,-131.76,-121.56,16.742,-155.93,-121.31,8.9504,-155.67,-100.98,220.21,-123.49,-101.24,252.78,-119.21,-100.41,275.37,-113.43,-80.244,282.39,-93.73,-119.77,291.05,-48.889,-145.6,314.51,-83.433,-145.77,323.3,-99.626,-108.96,274.79,-119.66,-131.44,279.2,-139.5,-176.58,290.03,-169.73,-158.88,333.62,-183.81,-146.99,343.74,-192.45,-99.592,272.55,-123.3,-96.32,295.83,-134.27,-92.022,299.86,-142.78
-98.507,197.83,-120.87,-83.284,200.67,-113.5,-62.473,114.43,-87.834,-38.659,30.344,-108.25,-36.502,22.992,-109.71,-113.73,194.98,-128.24,-122.74,103.15,-132.05,-121.25,16.603,-155.76,-121.02,8.8111,-155.49,-101.33,220.32,-123.71,-101.79,252.89,-119.43,-101.11,275.49,-113.67,-81.12,282.75,-93.873,-120.86,291.77,-49.292,-146.24,315.24,-84.157,-146.59,323.85,-100.44,-109.61,274.87,-119.96,-131.93,279.2,-139.99,-177.04,290.4,-170.14,-159,333.65,-184.8,-147.34,343.91,-193.59,-100.21,272.66,-123.52,-96.928,295.85,-134.69,-92.576,299.82,-143.2
-98.751,197.94,-121.05,-83.611,200.87,-113.55,-62.477,114.72,-87.857,-38.055,30.7,-107.85,-35.82,23.381,-109.36,-113.89,195.02,-128.56,-122.46,103.14,-132.31,-120.97,16.474,-155.58,-120.74,8.6817,-155.31,-101.66,220.42,-123.94,-102.33,252.99,-119.67,-101.78,275.59,-113.91,-81.953,283.08,-94.042,-121.91,292.4,-49.716,-146.89,315.89,-84.857,-147.44,324.32,-101.23,-110.24,274.93,-120.27,-132.39,279.21,-140.49,-177.46,290.71,-170.59,-159.17,333.7,-185.69,-147.7,344.06,-194.63,-100.8,272.76,-123.76,-97.532,295.87,-135.1,-93.13,299.8,-143.61
-98.989,198.04,-121.23,-83.926,201.04,-113.6,-62.492,114.98,-87.868,-37.5,31.037,-107.48,-35.17,23.759,-109.04,-114.05,195.05,-128.87,-122.21,103.13,-132.54,-120.69,16.356,-155.4,-120.48,8.5634,-155.14,-101.98,220.51,-124.16,-102.84,253.07,-119.92,-102.42,275.68,-114.17,-82.736,283.37,-94.237,-122.92,292.93,-50.165,-147.57,316.44,-85.53,-148.32,324.68,-101.99,-110.84,274.98,-120.58,-132.83,279.19,-140.99,-177.83,290.95,-171.08,-159.37,333.75,-186.49,-148.03,344.14,-195.56,-101.37,272.85,-124.01,-98.121,295.89,-135.51,-93.676,299.78,-144
-99.221,198.13,-121.42,-84.224,201.18,-113.68,-62.503,115.22,-87.856,-36.993,31.352,-107.11,-34.554,24.124,-108.74,-114.22,195.07,-129.15,-122,103.12,-132.71,-120.43,16.251,-155.22,-120.22,8.4583,-154.97,-102.27,220.58,-124.37,-103.32,253.14,-120.18,-103.02,275.75,-114.42,-83.465,283.63,-94.437,-123.88,293.38,-50.617,-148.27,316.88,-86.156,-149.18,324.95,-102.7,-111.39,275.02,-120.88,-133.24,279.14,-141.47,-178.17,291.11,-171.59,-159.61,333.8,-187.2,-148.29,344.11,-196.39,-101.9,272.93,-124.26,-98.686,295.9,-135.9,-94.203,299.76,-144.39
-99.452,198.19,-121.6,-84.506,201.29,-113.78,-62.494,115.44,-87.824,-36.525,31.648,-106.77,-33.976,24.473,-108.46,-114.4,195.09,-129.42,-121.83,103.1,-132.82,-120.16,16.167,-155.04,-119.97,8.3734,-154.8,-102.55,220.64,-124.58,-103.74,253.2,-120.43,-103.56,275.81,-114.68,-84.136,283.87,-94.628,-124.78,293.73,-51.051,-149,317.23,-86.716,-149.97,325.13,-103.33,-111.9,275.05,-121.17,-133.62,279.06,-141.92,-178.46,291.19,-172.1,-159.88,333.83,-187.85,-148.49,343.98,-197.1,-102.37,272.99,-124.51,-99.204,295.91,-136.26,-94.689,299.75,-144.75
-99.679,198.25,-121.77,-84.773,201.38,-113.89,-62.47,115.65,-87.791,-36.091,31.923,-106.47,-33.441,24.799,-108.22,-114.59,195.11,-129.65,-121.7,103.09,-132.86,-119.89,16.097,-154.87,-119.71,8.3025,-154.63,-102.81,220.68,-124.78,-104.1,253.25,-120.69,-104.04,275.86,-114.93,-84.746,284.05,-94.819,-125.62,293.99,-51.475,-149.75,317.48,-87.207,-150.67,325.21,-103.9,-112.35,275.06,-121.47,-133.95,278.96,-142.35,-178.7,291.21,-172.62,-160.17,333.83,-188.45,-148.66,343.83,-197.72,-102.8,273.04,-124.76,-99.669,295.91,-136.62,-95.124,299.74,-145.09
-99.906,198.29,-121.93,-85.03,201.46,-114.01,-62.447,115.85,-87.739,-35.687,32.195,-106.19,-32.952,25.118,-108,-114.78,195.12,-129.85,-121.6,103.07,-132.91,-119.63,16.03,-154.71,-119.47,8.235,-154.48,-103.07,220.71,-124.97,-104.42,253.29,-120.95,-104.47,275.9,-115.2,-85.303,284.21,-95.01,-126.4,294.18,-51.888,-150.55,317.62,-87.636,-151.31,325.21,-104.41,-112.75,275.07,-121.76,-134.25,278.86,-142.77,-178.92,291.18,-173.14,-160.48,333.83,-188.99,-148.8,343.67,-198.22,-103.19,273.09,-125.02,-100.09,295.92,-136.96,-95.517,299.74,-145.42
-100.13,198.33,-122.09,-85.278,201.52,-114.13,-62.433,116.06,-87.642,-35.316,32.481,-105.94,-32.508,25.45,-107.82,-114.98,195.13,-130.05,-121.5,103.05,-132.96,-119.37,15.966,-154.55,-119.22,8.1705,-154.33,-103.32,220.74,-125.15,-104.7,253.33,-121.2,-104.86,275.94,-115.46,-85.814,284.33,-95.194,-127.13,294.29,-52.281,-151.25,317.75,-88.047,-151.92,325.22,-104.88,-113.12,275.07,-122.05,-134.53,278.78,-143.17,-179.12,291.11,-173.64,-160.81,333.83,-189.48,-148.91,343.53,-198.6,-103.54,273.13,-125.28,-100.48,295.93,-137.28,-95.873,299.75,-145.73
-100.35,198.36,-122.25,-85.515,201.58,-114.27,-62.436,116.26,-87.506,-34.98,32.779,-105.71,-32.114,25.79,-107.66,-115.19,195.13,-130.23,-121.42,103.04,-132.98,-119.11,15.908,-154.39,-118.99,8.1115,-154.17,-103.57,220.77,-125.33,-104.96,253.36,-121.44,-105.22,275.98,-115.71,-86.283,284.43,-95.365,-127.82,294.35,-52.652,-151.89,317.82,-88.436,-152.49,325.21,-105.31,-113.46,275.07,-122.31,-134.79,278.7,-143.53,-179.3,291.02,-174.12,-161.14,333.82,-189.91,-149.03,343.4,-198.87,-103.87,273.17,-125.52,-100.84,295.94,-137.58,-96.202,299.77,-146.01
-100.57,198.39,-122.41,-85.74,201.64,-114.43,-62.448,116.48,-87.343,-34.688,33.085,-105.52,-31.781,26.135,-107.54,-115.39,195.14,-130.4,-121.35,103.02,-132.98,-118.86,15.854,-154.23,-118.76,8.0576,-154.02,-103.81,220.79,-125.51,-105.19,253.39,-121.67,-105.55,276.01,-115.94,-86.714,284.5,-95.523,-128.47,294.34,-52.999,-152.46,317.84,-88.816,-152.99,325.18,-105.71,-113.77,275.07,-122.56,-135.03,278.64,-143.86,-179.48,290.91,-174.56,-161.47,333.79,-190.29,-149.16,343.29,-199.06,-104.16,273.2,-125.75,-101.19,295.96,-137.85,-96.516,299.79,-146.26
-100.77,198.42,-122.58,-85.946,201.69,-114.6,-62.473,116.69,-87.151,-34.451,33.399,-105.37,-31.524,26.482,-107.47,-115.59,195.14,-130.56,-121.31,103,-132.97,-118.63,15.805,-154.06,-118.55,8.0075,-153.86,-104.05,220.82,-125.68,-105.4,253.42,-121.88,-105.85,276.03,-116.16,-87.119,284.57,-95.666,-129.07,294.28,-53.311,-152.98,317.8,-89.176,-153.45,325.13,-106.07,-114.07,275.06,-122.79,-135.26,278.58,-144.16,-179.66,290.78,-174.97,-161.8,333.76,-190.6,-149.3,343.18,-199.17,-104.45,273.23,-125.97,-101.53,295.98,-138.1,-96.83,299.81,-146.49
-100.95,198.44,-122.74,-86.124,201.73,-114.78,-62.532,116.91,-86.894,-34.273,33.726,-105.23,-31.345,26.837,-107.42,-115.78,195.14,-130.7,-121.3,102.98,-132.92,-118.42,15.761,-153.9,-118.36,7.9639,-153.71,-104.27,220.83,-125.84,-105.61,253.44,-122.08,-106.15,276.05,-116.36,-87.508,284.62,-95.795,-129.62,294.19,-53.569,-153.49,317.69,-89.47,-153.86,325.03,-106.36,-114.35,275.05,-123,-135.5,278.52,-144.42,-179.85,290.6,-175.35,-162.14,333.69,-190.86,-149.46,343.06,-199.23,-104.72,273.25,-126.17,-101.89,296,-138.32,-97.156,299.84,-146.69
-101.12,198.45,-122.9,-86.286,201.78,-114.96,-62.601,117.14,-86.62,-34.142,34.054,-105.11,-31.227,27.189,-107.39,-115.96,195.13,-130.84,-121.31,102.96,-132.85,-118.22,15.721,-153.73,-118.19,7.9233,-153.56,-104.48,220.84,-126,-105.81,253.45,-122.27,-106.43,276.07,-116.55,-87.877,284.66,-95.92,-130.13,294.05,-53.787,-153.98,317.53,-89.711,-154.23,324.89,-106.6,-114.63,275.03,-123.2,-135.74,278.47,-144.66,-180.03,290.4,-175.72,-162.46,333.61,-191.07,-149.63,342.93,-199.25,-104.99,273.27,-126.36,-102.25,296.02,-138.53,-97.489,299.86,-146.88
-101.28,198.47,-123.06,-86.438,201.82,-115.15,-62.658,117.37,-86.305,-34.036,34.389,-104.99,-31.178,27.537,-107.38,-116.13,195.12,-130.96,-121.33,102.93,-132.77,-118.04,15.688,-153.57,-118.02,7.8892,-153.4,-104.69,220.85,-126.16,-106,253.46,-122.44,-106.71,276.08,-116.73,-88.228,284.7,-96.043,-130.61,293.87,-53.995,-154.46,317.32,-89.943,-154.57,324.67,-106.84,-114.89,275.01,-123.38,-135.98,278.43,-144.87,-180.23,290.17,-176.07,-162.77,333.49,-191.23,-149.81,342.78,-199.26,-105.25,273.28,-126.53,-102.63,296.04,-138.73,-97.831,299.89,-147.05
-101.44,198.48,-123.21,-86.585,201.85,-115.34,-62.721,117.62,-85.962,-33.944,34.733,-104.86,-31.207,27.872,-107.37,-116.3,195.11,-131.08,-121.38,102.91,-132.67,-117.85,15.658,-153.41,-117.86,7.8591,-153.26,-104.88,220.86,-126.31,-106.19,253.47,-122.61,-106.97,276.08,-116.9,-88.562,284.74,-96.168,-131.07,293.65,-54.188,-154.91,317.06,-90.161,-154.89,324.39,-107.07,-115.16,274.99,-123.55,-136.22,278.39,-145.07,-180.42,289.92,-176.41,-163.06,333.35,-191.35,-150.01,342.62,-199.25,-105.5,273.29,-126.7,-103,296.06,-138.91,-98.18,299.91,-147.22
-101.6,198.49,-123.36,-86.728,201.88,-115.53,-62.797,117.86,-85.599,-33.874,35.08,-104.73,-31.309,28.197,-107.36,-116.47,195.09,-131.2,-121.43,102.88,-132.57,-117.68,15.631,-153.25,-117.71,7.8325,-153.11,-105.08,220.86,-126.46,-106.39,253.48,-122.78,-107.24,276.08,-117.06,-88.887,284.78,-96.297,-131.5,293.39,-54.367,-155.35,316.76,-90.364,-155.19,324.06,-107.28,-115.42,274.97,-123.72,-136.47,278.35,-145.25,-180.63,289.65,-176.73,-163.35,333.2,-191.44,-150.22,342.44,-199.23,-105.76,273.3,-126.87,-103.38,296.08,-139.07,-98.543,299.94,-147.36
-101.75,198.49,-123.51,-86.866,201.91,-115.7,-62.885,118.1,-85.233,-33.823,35.42,-104.59,-31.46,28.509,-107.33,-116.63,195.07,-131.32,-121.49,102.86,-132.45,-117.52,15.608,-153.1,-117.56,7.8089,-152.97,-105.26,220.86,-126.61,-106.61,253.48,-122.94,-107.52,276.08,-117.22,-89.208,284.83,-96.433,-131.92,293.1,-54.53,-155.77,316.43,-90.55,-155.48,323.7,-107.48,-115.7,274.95,-123.87,-136.74,278.31,-145.41,-180.86,289.36,-177.04,-163.64,333.02,-191.49,-150.45,342.24,-199.2,-106.03,273.3,-127.02,-103.78,296.09,-139.23,-98.927,299.98,-147.5
-101.89,198.5,-123.65,-87.002,201.94,-115.87,-62.983,118.32,-84.883,-33.797,35.741,-104.46,-31.639,28.805,-107.3,-116.78,195.06,-131.43,-121.56,102.83,-132.33,-117.36,15.588,-152.95,-117.43,7.7893,-152.84,-105.44,220.86,-126.75,-106.84,253.47,-123.09,-107.8,276.07,-117.36,-89.525,284.88,-96.571,-132.31,292.78,-54.679,-156.16,316.08,-90.725,-155.75,323.31,-107.66,-115.97,274.92,-124.01,-137.01,278.27,-145.56,-181.1,289.04,-177.33,-163.95,332.81,-191.51,-150.7,342.02,-199.14,-106.31,273.3,-127.17,-104.18,296.1,-139.38,-99.325,300.01,-147.64
-102.03,198.5,-123.78,-87.135,201.96,-116.03,-63.085,118.54,-84.562,-33.802,36.033,-104.33,-31.825,29.081,-107.26,-116.93,195.04,-131.53,-121.64,102.81,-132.19,-117.21,15.572,-152.81,-117.29,7.7733,-152.71,-105.61,220.85,-126.89,-107.06,253.46,-123.22,-108.08,276.06,-117.49,-89.825,284.93,-96.704,-132.68,292.44,-54.812,-156.52,315.69,-90.894,-155.99,322.91,-107.84,-116.25,274.89,-124.14,-137.28,278.22,-145.7,-181.35,288.7,-177.59,-164.25,332.58,-191.49,-150.95,341.79,-199.04,-106.58,273.3,-127.3,-104.57,296.1,-139.51,-99.72,300.05,-147.76
